{
	"format_version": "1.8.0",
	"animations": {
		"animation.cryptcrawler.move": {
			"loop": true,
			"animation_length": 0.4,
			"bones": {
				"leg0": {
					"rotation": {
						"0.0": [-17.5, 0, 0],
						"0.2": [35, 0, 0],
						"0.4": [-17.5, 0, 0]
					}
				},
				"leg1": {
					"rotation": {
						"0.0": [35, 0, 0],
						"0.2": [-30, 0, 0],
						"0.4": [35, 0, 0]
					}
				},
				"leg2": {
					"rotation": {
						"0.0": [-35, 0, 0],
						"0.2": [37.5, 0, 0],
						"0.4": [-35, 0, 0]
					}
				},
				"leg3": {
					"rotation": {
						"0.0": [35, 0, 0],
						"0.2": [-40, 0, 0],
						"0.4": [35, 0, 0]
					}
				}
			}
		}
	}
}