{
	"format_version": "1.13.0",
	"minecraft:feature_rules": {
		"description": {
			"identifier": "bs:pirate_shipwreck_3_feature_rule",
			"places_feature": "bs:pirate_shipwreck_3_feature_mcstructure"
		},
		"conditions": {
			"placement_pass": "surface_pass",
			"minecraft:biome_filter": [
				{
					"all_of": [
						{
							"test": "has_biome_tag",
							"operator": "==",
							"value": "ocean"
						}
					]
				}
			]
		},
		"distribution": {
			"iterations": 1,
			"scatter_chance": 0.06,
			"x": {
				"distribution": "uniform",
				"extent": [
					0,
					16
				]
			},
			"y": "query.above_top_solid(variable.worldx, variable.worldz) + -2",
			"z": {
				"distribution": "uniform",
				"extent": [
					0,
					16
				]
			}
		}
	}
}