{
    "format_version": "1.13.0",
    "minecraft:feature_rules": {
        "description": {
            "identifier": "minecraft:underground_dungeon_1_feature_rule",
            "places_feature": "minecraft:underground_dungeon_1_mcstructure"
        },
        "conditions": {
            "placement_pass": "underground_pass",
            "minecraft:biome_filter": [
                {
                    "all_of": [
                        {
                            "test": "has_biome_tag",
                            "operator": "!=",
                            "value": "lakes"
                        },
                        {
                            "test": "has_biome_tag",
                            "operator": "!=",
                            "value": "ocean"
                        },
                        {
                            "test": "has_biome_tag",
                            "operator": "!=",
                            "value": "river"
                        },
                        {
                            "any_of": [
                                {
                                    "test": "has_biome_tag",
                                    "operator": "==",
                                    "value": "overworld"
                                },
                                {
                                    "test": "has_biome_tag",
                                    "operator": "==",
                                    "value": "overworld_generation"
                                }
                            ]
                        }
                    ]
                }
            ]
        },
        "distribution": {
            "iterations": 1,
            "scatter_chance": 0.2,
            "x": 0,
            "y": "variable.random = (Math.random(-50, 50)); return variable.random > (query.above_top_solid(variable.worldx, variable.worldz) - 2) ? 10 : variable.random;",
            "z": 0
        }
    }
}
// Exported from software by MACHINE_BUILDER on YouTube. Check out this video for more information : https://www.youtube.com/watch?v=vcLibdIq7To <- download link in description