{
  "format_version": [ 1, 1, 0 ],

  "effect99:power_cable": { "textures": "power_cable", "sound": "metal" },
  "effect99:cable_burned": { "textures": "cable_burned", "sound": "metal" },
  "effect99:cable_red_burned": { "textures": "cable_red_burned", "sound": "metal" },
  "effect99:cable_blue_burned": { "textures": "cable_blue_burned", "sound": "metal" },
  "effect99:cable_green_burned": { "textures": "cable_green_burned", "sound": "metal" },
  "effect99:powered_cable": { "textures": "powered_cable", "sound": "metal" },

  "effect99:power_cable_red": { "textures": "power_cable_red", "sound": "metal" },
  "effect99:powered_cable_red": { "textures": "powered_cable_red", "sound": "metal" },

  "effect99:power_cable_blue": { "textures": "power_cable_blue", "sound": "metal" },
  "effect99:powered_cable_blue": { "textures": "powered_cable_blue", "sound": "metal" },

  "effect99:power_cable_green": { "textures": "power_cable_green", "sound": "metal" },
  "effect99:powered_cable_green": { "textures": "powered_cable_green", "sound": "metal" },

  "effect99:power_reinforced_cable": { "textures": "power_reinforced_cable", "sound": "metal" },
  "effect99:powered_reinforced_cable": { "textures": "powered_reinforced_cable", "sound": "metal" },

  "effect99:power_reinforced_cable_red": { "textures": "power_reinforced_cable_red", "sound": "metal" },
  "effect99:powered_reinforced_cable_red": { "textures": "powered_reinforced_cable_red", "sound": "metal" },

  "effect99:power_reinforced_cable_blue": { "textures": "power_reinforced_cable_blue", "sound": "metal" },
  "effect99:powered_reinforced_cable_blue": { "textures": "powered_reinforced_cable_blue", "sound": "metal" },

  "effect99:power_reinforced_cable_green": { "textures": "power_reinforced_cable_green", "sound": "metal" },
  "effect99:powered_reinforced_cable_green": { "textures": "powered_reinforced_cable_green", "sound": "metal" },

  "effect99:power_cable_controller": { "textures": "power_cable_controller", "sound": "metal" },
  "effect99:powered_cable_controller": { "textures": "powered_cable_controller", "sound": "metal" },

  "effect99:pipe": { "textures": "pipe", "sound": "copper" },
  "effect99:water_pipe": { "textures": "water_pipe", "sound": "copper" },
  "effect99:steam_pipe": { "textures": "steam_pipe", "sound": "copper" },
  "effect99:lava_pipe": { "textures": "lava_pipe", "sound": "copper" },
  "effect99:pipe_valve": { "textures": "pipe_valve", "sound": "copper" },
  "effect99:damaged_pipe": { "textures": "damaged_pipe", "sound": "copper" },

  "effect99:small_solar_panel": { "textures": "small_solar_panel", "sound": "glass" },

  "effect99:battery": { "textures": "battery", "sound": "glass" },
  "effect99:medium_battery": { "textures": "medium_battery", "sound": "glass" },
  "effect99:big_battery": { "textures": "big_battery", "sound": "glass" },
  "effect99:giant_battery": { "textures": "giant_battery", "sound": "glass" },
  "effect99:nuclear_battery": { "textures": "nuclear_battery", "sound": "metal" },
  
  "effect99:broken_small_battery": { "textures": "broken_small_battery", "sound": "glass" },
  "effect99:broken_medium_battery": { "textures": "broken_medium_battery", "sound": "glass" },
  "effect99:broken_big_battery": { "textures": "broken_big_battery", "sound": "glass" },
  "effect99:broken_giant_battery": { "textures": "broken_giant_battery", "sound": "glass" },

  "effect99:conveyor_belt": { "textures": "conveyor_belt", "sound": "metal" },
  "effect99:conveyor_tube": { "textures": "conveyor_tube", "sound": "glass" },
  "effect99:tube_conveyor_corner": { "textures": "tube_conveyor_corner", "sound": "glass" },

  "effect99:conveyor_tube_station": { "textures": "conveyor_tube_station", "sound": "glass" },
  "effect99:conveyor_tube_station_up": { "textures": "conveyor_tube_station_up", "sound": "glass" },

  "effect99:antenna_base": { "textures": "antenna_base", "sound": "metal" },
  "effect99:antenna": { "textures": "antenna", "sound": "metal" },
  "effect99:antenna_signal": { "textures": "antenna_signal", "sound": "metal" },

  "effect99:manual_generator": { "textures": "manual_generator", "sound": "metal" },

  "effect99:xp_storage": { "textures": "xp_storage", "sound": "glass" },

  "effect99:wood_cutter": { "textures": "wood_cutter", "sound": "wood" },

  "effect99:quarry_drill": { "textures": "quarry_drill", "sound": "metal" },
  "effect99:quarry_structure": { "textures": "quarry_structure", "sound": "metal" },
  "effect99:medium_quarry_structure": { "textures": "medium_quarry_structure", "sound": "metal" },
  "effect99:largue_quarry_structure": { "textures": "largue_quarry_structure", "sound": "metal" },
  "effect99:small_quarry_in_box": { "textures": "small_quarry_in_box", "sound": "wood" },
  "effect99:medium_quarry_in_box": { "textures": "medium_quarry_in_box", "sound": "wood" },
  "effect99:largue_quarry_in_box": { "textures": "largue_quarry_in_box", "sound": "wood" },
  "effect99:sip_in_box": { "textures": "sip_in_box", "sound": "wood" },

  "effect99:small_charging_station": { "textures": "small_charging_station", "sound": "metal" },

  "effect99:unloading_station": { "textures": "unloading_station", "sound": "metal" },

  "effect99:power_generating_furnace": { "textures": "power_generating_furnace", "sound": "stone" },
  "effect99:power_generating_furnace_up": { "textures": "power_generating_furnace", "sound": "stone" },

  "effect99:liquid_pump": { "textures": "liquid_pump", "sound": "metal" },
  "effect99:liquid_pump_up": { "textures": "liquid_pump", "sound": "glass" },

  "effect99:item_conveyor_elevator": { "textures": "item_conveyor_elevator", "sound": "scaffolding" },

  "effect99:liquids_and_gases_storage": { "textures": "liquids_and_gases_storage", "sound": "glass" },
  "effect99:container": { "textures": "container", "sound": "glass" },

  "effect99:steam_generator": { "textures": "steam_generator", "sound": "metal" },
  "effect99:steam_engine": { "textures": "steam_engine", "sound": "metal" },

  "effect99:mechanical_arm": { "textures": "mechanical_arm", "sound": "metal" },
  "effect99:regular_mechanical_arm": { "textures": "regular_mechanical_arm", "sound": "metal" },
  "effect99:fast_mechanical_arm": { "textures": "fast_mechanical_arm", "sound": "metal" },

  "effect99:automation_wire": { "textures": "automation_wire", "sound": "wool" },
  "effect99:automation_wire_red": { "textures": "automation_wire_red", "sound": "wool" },
  "effect99:automation_wire_green": { "textures": "automation_wire_green", "sound": "wool" },
  "effect99:automation_lever": { "textures": "automation_lever", "sound": "wood" },
  "effect99:observer_signal_repeater": { "textures": "signal_repeater", "sound": "wool" },
  "effect99:automation_signal_inverter": { "textures": "signal_inverter", "sound": "wool" },

  "effect99:chunks_detect": { "textures": "chunks_detect", "sound": "metal" },
  "effect99:chunks_viewer": { "textures": "chunks_viewer", "sound": "amethyst_block" }
}