{
  "pocket_armor_tab_content/equipment_and_renderer/equipment/armor_grid": {
    "controls": [
      {
        "head_grid_item@crafting.armor_container_item": {
          "size": [ 28, 28 ],
          "grid_position": [ 0, 0 ],
          "$cell_image_size": [ 28, 28 ],
          "$cell_overlay_ref": "crafting.armor_overlay_helmet",
          "$button_ref": "crafting.no_coalesce_container_slot_button"
        }
      },
      {
        "chest_grid_item@crafting.armor_container_item": {
          "size": [ 28, 28 ],
          "grid_position": [ 0, 1 ],
          "$cell_image_size": [ 28, 28 ],
          "$cell_overlay_ref": "crafting.armor_overlay_chest",
          "$button_ref": "crafting.no_coalesce_container_slot_button"
        }
      },
      {
        "legs_grid_item@crafting.armor_container_item": {
          "size": [ 28, 28 ],
          "grid_position": [ 0, 2 ],
          "$cell_image_size": [ 28, 28 ],
          "$cell_overlay_ref": "crafting.armor_overlay_legs",
          "$button_ref": "crafting.no_coalesce_container_slot_button"
        }
      },
      {
        "feet_grid_item@crafting.armor_container_item": {
          "size": [ 28, 28 ],
          "grid_position": [ 0, 3 ],
          "$cell_image_size": [ 28, 28 ],
          "$cell_overlay_ref": "crafting.armor_image_feet",
          "$button_ref": "crafting.no_coalesce_container_slot_button"
        }
      }
    ]
  },

  "pocket_armor_tab_content/equipment_and_renderer/equipment/offhand_grid": {
    "controls": [
      {
        "offhand_grid_item@crafting.armor_container_item": {
          "size": [ 28, 28 ],
          "grid_position": [ 0, 0 ],
          "$cell_image_size": [ 28, 28 ],
          "$cell_overlay_ref": "crafting.armor_overlay_shield",
          "$button_ref": "crafting.no_coalesce_container_slot_button"
        }
      }
    ]
  },

  "recipe_inventory_screen_content_pocket": {
    "modifications": [
      {
        "array_name": "controls",
        "operation": "insert_front",
        "value": {
          "selected_tool_panel@common.selected_tool_panel": {}
        }
      }
    ]
  }
}