{

  "inventory_container_item": {
    "modifications": [
      {
        "array_name": "controls",
        "operation": "insert_front",
        "value": {
          "tool_panel@common.tool_panel": {}
        }
      },
      {
        "array_name": "controls",
        "operation": "insert_front",
        "value": {
          "inverse_tool_panel@common.inverse_tool_panel": {}
        }
      }
    ]
  },

  "recipe_book_inventory_container_item@common.container_item": {
    "$button_ref|default": "crafting.inventory_container_slot_button",
    "$background_images|default": "crafting.container_cell_images",

    "$overlay_images|default": "crafting.container_overlay_images",
    "$overlay_image_control_name|default": "overlay",

    "controls": [
      {
        "item_cell": {
          "type": "panel",
          "size": "$cell_image_size",
          "layer": 0,
          "controls": [
            {
              "$background_image_control_name@$background_images": {
                "layer": 1
              }
            },
            {
              "item": {
                "type": "panel",
                "size": "$item_renderer_panel_size",
                "layer": 0,
                "controls": [
                  {
                    "stack_count_label@common.stack_count_label": {
                      "layer": 10
                    }
                  },
                  {
                    "$item_renderer@$item_renderer": {
                      "size": "$item_renderer_size",
                      "offset": "$item_renderer_offset",
                      "anchor_to": "center",
                      "anchor_from": "center",
                      "layer": 7
                    }
                  }
                ]
              }
            },
            {
              "durability_bar@common.durability_bar": {
                "layer": 8
              }
            },
            {
              "$overlay_image_control_name@$overlay_images": {
                "layer": 9
              }
            }
          ]
        }
      },
      {
        "item_cell_overlay_ref@$cell_overlay_ref": {
          "layer": 3
        }
      },
      {
        "item_selected_image@common.slot_selected": {
          "layer": 4
        }
      },
      {
        "item_button_ref@$button_ref": {
          "layer": 5
        }
      },
      {
        "container_item_lock_overlay@common.container_item_lock_overlay": {
          "size": "$item_renderer_size",
          "offset": [ 1, 1 ],
          "anchor_to": "top_left",
          "anchor_from": "top_left",
          "layer": 6
        }
      },
      {
        "item_lock_cell_image@common.item_lock_cell_image": {
          "layer": 2
        }
      }
    ]
  },

  "grid_item_for_recipe_book@crafting.recipe_book_inventory_container_item": {
    "$stack_count_required": true,
    "$durability_bar_required": false,
    "$item_renderer_binding_condition": "visible",
    "$button_ref": "crafting.creative_no_coalesce_container_slot_button",
    "$background_images": "crafting.recipe_container_cell_images",

    "$slot_selected_binding_name": "#is_creative_selected_slot",

    "$stack_count_binding_name": "#recipe_craftable_count",
    "$item_collection_name": "recipe_book",
    "$scrolling_grid_item_size|default": [ 18, 18 ],
    "$hover_text_binding_name": "#recipe_hover_text",
    "size": "$scrolling_grid_item_size"
  },

  "armor_container_item": {
    "type": "input_panel",
    "size": [ 18, 18 ],
    "layer": 1,
    "$cell_image_size|default": [ 18, 18 ],
    "$cell_overlay_ref|default": "common.cell_overlay",
    "$button_ref|default": "common.container_slot_button_prototype",
    "$stack_count_required|default": true,
    "$durability_bar_required|default": true,
    "$item_renderer|default": "common.item_renderer",
    "$item_renderer_panel_size|default": [ 18, 18 ],
    "$item_renderer_size|default": [ 16, 16 ],
    "$item_renderer_offset|default": [ 0, 0 ],
    "$background_images|default": "common.cell_image",
    "$background_image_control_name|default": "bg",

    "$focus_id|default": "",
    "$focus_override_down|default": "",
    "$focus_override_up|default": "",
    "$focus_override_left|default": "",
    "$focus_override_right|default": "",
    "focus_identifier": "$focus_id",
    "focus_change_down": "$focus_override_down",
    "focus_change_up": "$focus_override_up",
    "focus_change_left": "$focus_override_left",
    "focus_change_right": "$focus_override_right",
    "focus_enabled": true,
    "focus_wrap_enabled": false,
    "focus_magnet_enabled": true,

    "controls": [
      { "tool_panel@common.tool_panel": {} },
      { "inverse_tool_panel@common.inverse_tool_panel": {} },
      {
        "item_cell": {
          "type": "panel",
          "size": "$cell_image_size",
          "controls": [
            {
              "$background_image_control_name@$background_images": {
                "layer": 1
              }
            },
            {
              "item": {
                "type": "panel",
                "size": "$item_renderer_panel_size",
                "controls": [
                  {
                    "stack_count_label@common.stack_count_label": {
                      "layer": 8
                    }
                  },
                  {
                    "$item_renderer@$item_renderer": {
                      "size": "$item_renderer_size",
                      "offset": "$item_renderer_offset",
                      "anchor_to": "center",
                      "anchor_from": "center",
                      "layer": 5
                    }
                  }
                ]
              }
            },
            {
              "durability_bar_number@crafting.durability_bar_number": { // I chose debug_screen because subpacks work terribly
                "layer": 6
              }
            },
            {
              "durability_bar@common.durability_bar": {
                "layer": 8
              }
            }
          ]
        }
      },
      {
        "item_cell_overlay_ref@$cell_overlay_ref": {
          "layer": 2
        }
      },
      {
        "item_selected_image@common.slot_selected": {
          "layer": 3
        }
      },
      {
        "item_button_ref@$button_ref": {
          "layer": 4
        }
      }
    ]
  },

  "player_armor_panel/armor_grid": {
    "controls": [
      {
        "head_grid_item@crafting.armor_container_item": {
          "grid_position": [ 0, 0 ],
          "$cell_overlay_ref": "crafting.armor_overlay_helmet",
          "$button_ref": "crafting.no_coalesce_container_slot_button",

          "$focus_id_binding_type": "none",
          "$focus_id": "armor_item_head",

          "$focus_override_right_binding_type": "none",
          "$focus_override_right": "crafting_input_top_left"
        }
      },
      {
        "chest_grid_item@crafting.armor_container_item": {
          "grid_position": [ 0, 1 ],
          "$cell_overlay_ref": "crafting.armor_overlay_chest",
          "$button_ref": "crafting.no_coalesce_container_slot_button",

          "$focus_id_binding_type": "none",
          "$focus_id": "armor_item_chest",

          "$focus_override_right_binding_type": "none",
          "$focus_override_right": "crafting_input_top_left"
        }
      },
      {
        "legs_grid_item@crafting.armor_container_item": {
          "grid_position": [ 0, 2 ],
          "$cell_overlay_ref": "crafting.armor_overlay_legs",
          "$button_ref": "crafting.no_coalesce_container_slot_button",

          "$focus_id_binding_type": "none",
          "$focus_id": "armor_item_legs",

          "$focus_override_right_binding_type": "none",
          "$focus_override_right": "crafting_input_mid_left"
        }
      },
      {
        "feet_grid_item@crafting.armor_container_item": {
          "grid_position": [ 0, 3 ],
          "$cell_overlay_ref": "crafting.armor_image_feet",
          "$button_ref": "crafting.no_coalesce_container_slot_button",

          "$focus_id_binding_type": "none",
          "$focus_id": "armor_item_feet",

          "$focus_override_right_binding_type": "none",
          "$focus_override_right": "offhand_items0"
        }
      }
    ]
  },
  "player_armor_panel/offhand_grid": {
    "controls": [
      {
        "offhand_grid_item@crafting.armor_container_item": {
          "grid_position": [ 0, 0 ],
          "$cell_overlay_ref": "crafting.armor_overlay_shield",
          "$button_ref": "crafting.no_coalesce_container_slot_button",

          "$focus_override_left_binding_type": "none",
          "$focus_override_left": "armor_item_feet"
        }
      }
    ]
  },

  "selected_durability_template": { 
    "layer": 60,
    "type": "label",
    "offset": [ -55, 50 ],
    "text": "('Durability: ' + $durability_current_amount)",
    "shadow": true,
    "bindings": [
      {
        "binding_name": "#selected_item_durability_current_amount",
        "binding_condition": "always"
      },
      {
        "binding_type": "view",
        "source_property_name": "(#selected_item_durability_current_amount = $durability_current_amount)",
        "target_property_name": "#visible"
      }
    ]
  },

  "durability_bg_template": {
    "type": "image",
    "texture": "$durability_texture",
    "size": [ 104, 14 ],
    "layer": 0,
    "alpha": 0.75,
    "offset": [ -55, 50 ],
    "bindings": [
      {
        "binding_name": "#selected_item_durability_total_amount"
      },
      {
        "binding_name": "#selected_item_durability_current_amount"
      },
      {
        "binding_type": "view",
        "source_property_name": "((not (#selected_item_durability_total_amount = 0)) and ((#selected_item_durability_current_amount / #selected_item_durability_total_amount) < $upper_number) and ((#selected_item_durability_current_amount / #selected_item_durability_total_amount) > $lower_number) or ((#selected_item_durability_current_amount / #selected_item_durability_total_amount) = $upper_number))",
        "target_property_name": "#visible"
      }
    ]
  },

  "selected_durability_template_no_durability": { 
    "layer": 60,
    "type": "label",
    "offset": [ -55, 50 ],
    "text": "('Durability: ' + $durability_current_amount)",
    "shadow": true,
    "bindings": [
      {
        "binding_name": "#selected_item_durability_total_amount"
      },
      {
        "binding_name": "#selected_item_durability_current_amount"
      },
      {
        "binding_type": "view",
        "source_property_name": "((#selected_item_durability_current_amount = $durability_current_amount) and (not (#selected_item_durability_total_amount = 0)))",
        "target_property_name": "#visible"
      }
    ]
  },
  "namespaced_text_template": {
    "type": "label",
    "text": "$namespaced_text",
    "shadow": true,
    "color": "$8_color_format",
    "font_size": "normal",
    "font_scale_factor": 0.7,
    "offset": [ 0, -20 ],
    "bindings": [
      {
        "binding_name": "#selected_item_durability_total_amount"
      },
      {
        "binding_name": "#selected_item_durability_current_amount"
      },
      {
        "binding_name": "#inventory_selected_item"
      },
      {
        "binding_type": "view",
        "source_property_name": "(((#inventory_selected_item - $item_id_aux) = (#selected_item_durability_total_amount - #selected_item_durability_current_amount)) or ((#inventory_selected_item - $item_id_aux) = 0))", // yes, this is the most stupid line i have ever written. why does it work like this? bedrock baby!
        "target_property_name": "#visible"
      }
    ]
  },

  "recipe_inventory_screen_content": {
    "modifications": [
      {
        "array_name": "controls",
        "operation": "insert_front",
        "value": {
          "selected_tool_panel@common.selected_tool_panel": {}
        }
      }
    ]
  },

  "durability_bar_number": {
    "type": "panel",
    "ignored": "(not $durability_bar_required)",
    "layer": 10,
    "$durability_bar_offset|default": [ 0, 5 ],
    "offset": "$durability_bar_offset",
    "bindings": [
      {
        "binding_name": "#item_durability_total_amount",
        "binding_name_override": "#progress_bar_total_amount",
        "binding_type": "collection",
        "binding_collection_name": "$item_collection_name"
      },
      {
        "binding_type": "view",
        "source_property_name": "(not (#progress_bar_total_amount = 0))",
        "target_property_name": "#visible"
      }
    ],
    "controls": [
      { "600@debug_screen.durability_text_template": { "$current_durability": 600 } },
      { "599@debug_screen.durability_text_template": { "$current_durability": 599 } },
      { "598@debug_screen.durability_text_template": { "$current_durability": 598 } },
      { "597@debug_screen.durability_text_template": { "$current_durability": 597 } },
      { "596@debug_screen.durability_text_template": { "$current_durability": 596 } },
      { "595@debug_screen.durability_text_template": { "$current_durability": 595 } },
      { "594@debug_screen.durability_text_template": { "$current_durability": 594 } },
      { "593@debug_screen.durability_text_template": { "$current_durability": 593 } },
      { "592@debug_screen.durability_text_template": { "$current_durability": 592 } },
      { "591@debug_screen.durability_text_template": { "$current_durability": 591 } },
      { "590@debug_screen.durability_text_template": { "$current_durability": 590 } },
      { "589@debug_screen.durability_text_template": { "$current_durability": 589 } },
      { "588@debug_screen.durability_text_template": { "$current_durability": 588 } },
      { "587@debug_screen.durability_text_template": { "$current_durability": 587 } },
      { "586@debug_screen.durability_text_template": { "$current_durability": 586 } },
      { "585@debug_screen.durability_text_template": { "$current_durability": 585 } },
      { "584@debug_screen.durability_text_template": { "$current_durability": 584 } },
      { "583@debug_screen.durability_text_template": { "$current_durability": 583 } },
      { "582@debug_screen.durability_text_template": { "$current_durability": 582 } },
      { "581@debug_screen.durability_text_template": { "$current_durability": 581 } },
      { "580@debug_screen.durability_text_template": { "$current_durability": 580 } },
      { "579@debug_screen.durability_text_template": { "$current_durability": 579 } },
      { "578@debug_screen.durability_text_template": { "$current_durability": 578 } },
      { "577@debug_screen.durability_text_template": { "$current_durability": 577 } },
      { "576@debug_screen.durability_text_template": { "$current_durability": 576 } },
      { "575@debug_screen.durability_text_template": { "$current_durability": 575 } },
      { "574@debug_screen.durability_text_template": { "$current_durability": 574 } },
      { "573@debug_screen.durability_text_template": { "$current_durability": 573 } },
      { "572@debug_screen.durability_text_template": { "$current_durability": 572 } },
      { "571@debug_screen.durability_text_template": { "$current_durability": 571 } },
      { "570@debug_screen.durability_text_template": { "$current_durability": 570 } },
      { "569@debug_screen.durability_text_template": { "$current_durability": 569 } },
      { "568@debug_screen.durability_text_template": { "$current_durability": 568 } },
      { "567@debug_screen.durability_text_template": { "$current_durability": 567 } },
      { "566@debug_screen.durability_text_template": { "$current_durability": 566 } },
      { "565@debug_screen.durability_text_template": { "$current_durability": 565 } },
      { "564@debug_screen.durability_text_template": { "$current_durability": 564 } },
      { "563@debug_screen.durability_text_template": { "$current_durability": 563 } },
      { "562@debug_screen.durability_text_template": { "$current_durability": 562 } },
      { "561@debug_screen.durability_text_template": { "$current_durability": 561 } },
      { "560@debug_screen.durability_text_template": { "$current_durability": 560 } },
      { "559@debug_screen.durability_text_template": { "$current_durability": 559 } },
      { "558@debug_screen.durability_text_template": { "$current_durability": 558 } },
      { "557@debug_screen.durability_text_template": { "$current_durability": 557 } },
      { "556@debug_screen.durability_text_template": { "$current_durability": 556 } },
      { "555@debug_screen.durability_text_template": { "$current_durability": 555 } },
      { "554@debug_screen.durability_text_template": { "$current_durability": 554 } },
      { "553@debug_screen.durability_text_template": { "$current_durability": 553 } },
      { "552@debug_screen.durability_text_template": { "$current_durability": 552 } },
      { "551@debug_screen.durability_text_template": { "$current_durability": 551 } },
      { "550@debug_screen.durability_text_template": { "$current_durability": 550 } },
      { "549@debug_screen.durability_text_template": { "$current_durability": 549 } },
      { "548@debug_screen.durability_text_template": { "$current_durability": 548 } },
      { "547@debug_screen.durability_text_template": { "$current_durability": 547 } },
      { "546@debug_screen.durability_text_template": { "$current_durability": 546 } },
      { "545@debug_screen.durability_text_template": { "$current_durability": 545 } },
      { "544@debug_screen.durability_text_template": { "$current_durability": 544 } },
      { "543@debug_screen.durability_text_template": { "$current_durability": 543 } },
      { "542@debug_screen.durability_text_template": { "$current_durability": 542 } },
      { "541@debug_screen.durability_text_template": { "$current_durability": 541 } },
      { "540@debug_screen.durability_text_template": { "$current_durability": 540 } },
      { "539@debug_screen.durability_text_template": { "$current_durability": 539 } },
      { "538@debug_screen.durability_text_template": { "$current_durability": 538 } },
      { "537@debug_screen.durability_text_template": { "$current_durability": 537 } },
      { "536@debug_screen.durability_text_template": { "$current_durability": 536 } },
      { "535@debug_screen.durability_text_template": { "$current_durability": 535 } },
      { "534@debug_screen.durability_text_template": { "$current_durability": 534 } },
      { "533@debug_screen.durability_text_template": { "$current_durability": 533 } },
      { "532@debug_screen.durability_text_template": { "$current_durability": 532 } },
      { "531@debug_screen.durability_text_template": { "$current_durability": 531 } },
      { "530@debug_screen.durability_text_template": { "$current_durability": 530 } },
      { "529@debug_screen.durability_text_template": { "$current_durability": 529 } },
      { "528@debug_screen.durability_text_template": { "$current_durability": 528 } },
      { "527@debug_screen.durability_text_template": { "$current_durability": 527 } },
      { "526@debug_screen.durability_text_template": { "$current_durability": 526 } },
      { "525@debug_screen.durability_text_template": { "$current_durability": 525 } },
      { "524@debug_screen.durability_text_template": { "$current_durability": 524 } },
      { "523@debug_screen.durability_text_template": { "$current_durability": 523 } },
      { "522@debug_screen.durability_text_template": { "$current_durability": 522 } },
      { "521@debug_screen.durability_text_template": { "$current_durability": 521 } },
      { "520@debug_screen.durability_text_template": { "$current_durability": 520 } },
      { "519@debug_screen.durability_text_template": { "$current_durability": 519 } },
      { "518@debug_screen.durability_text_template": { "$current_durability": 518 } },
      { "517@debug_screen.durability_text_template": { "$current_durability": 517 } },
      { "516@debug_screen.durability_text_template": { "$current_durability": 516 } },
      { "515@debug_screen.durability_text_template": { "$current_durability": 515 } },
      { "514@debug_screen.durability_text_template": { "$current_durability": 514 } },
      { "513@debug_screen.durability_text_template": { "$current_durability": 513 } },
      { "512@debug_screen.durability_text_template": { "$current_durability": 512 } },
      { "511@debug_screen.durability_text_template": { "$current_durability": 511 } },
      { "510@debug_screen.durability_text_template": { "$current_durability": 510 } },
      { "509@debug_screen.durability_text_template": { "$current_durability": 509 } },
      { "508@debug_screen.durability_text_template": { "$current_durability": 508 } },
      { "507@debug_screen.durability_text_template": { "$current_durability": 507 } },
      { "506@debug_screen.durability_text_template": { "$current_durability": 506 } },
      { "505@debug_screen.durability_text_template": { "$current_durability": 505 } },
      { "504@debug_screen.durability_text_template": { "$current_durability": 504 } },
      { "503@debug_screen.durability_text_template": { "$current_durability": 503 } },
      { "502@debug_screen.durability_text_template": { "$current_durability": 502 } },
      { "501@debug_screen.durability_text_template": { "$current_durability": 501 } },
      { "500@debug_screen.durability_text_template": { "$current_durability": 500 } },
      { "499@debug_screen.durability_text_template": { "$current_durability": 499 } },
      { "498@debug_screen.durability_text_template": { "$current_durability": 498 } },
      { "497@debug_screen.durability_text_template": { "$current_durability": 497 } },
      { "496@debug_screen.durability_text_template": { "$current_durability": 496 } },
      { "495@debug_screen.durability_text_template": { "$current_durability": 495 } },
      { "494@debug_screen.durability_text_template": { "$current_durability": 494 } },
      { "493@debug_screen.durability_text_template": { "$current_durability": 493 } },
      { "492@debug_screen.durability_text_template": { "$current_durability": 492 } },
      { "491@debug_screen.durability_text_template": { "$current_durability": 491 } },
      { "490@debug_screen.durability_text_template": { "$current_durability": 490 } },
      { "489@debug_screen.durability_text_template": { "$current_durability": 489 } },
      { "488@debug_screen.durability_text_template": { "$current_durability": 488 } },
      { "487@debug_screen.durability_text_template": { "$current_durability": 487 } },
      { "486@debug_screen.durability_text_template": { "$current_durability": 486 } },
      { "485@debug_screen.durability_text_template": { "$current_durability": 485 } },
      { "484@debug_screen.durability_text_template": { "$current_durability": 484 } },
      { "483@debug_screen.durability_text_template": { "$current_durability": 483 } },
      { "482@debug_screen.durability_text_template": { "$current_durability": 482 } },
      { "481@debug_screen.durability_text_template": { "$current_durability": 481 } },
      { "480@debug_screen.durability_text_template": { "$current_durability": 480 } },
      { "479@debug_screen.durability_text_template": { "$current_durability": 479 } },
      { "478@debug_screen.durability_text_template": { "$current_durability": 478 } },
      { "477@debug_screen.durability_text_template": { "$current_durability": 477 } },
      { "476@debug_screen.durability_text_template": { "$current_durability": 476 } },
      { "475@debug_screen.durability_text_template": { "$current_durability": 475 } },
      { "474@debug_screen.durability_text_template": { "$current_durability": 474 } },
      { "473@debug_screen.durability_text_template": { "$current_durability": 473 } },
      { "472@debug_screen.durability_text_template": { "$current_durability": 472 } },
      { "471@debug_screen.durability_text_template": { "$current_durability": 471 } },
      { "470@debug_screen.durability_text_template": { "$current_durability": 470 } },
      { "469@debug_screen.durability_text_template": { "$current_durability": 469 } },
      { "468@debug_screen.durability_text_template": { "$current_durability": 468 } },
      { "467@debug_screen.durability_text_template": { "$current_durability": 467 } },
      { "466@debug_screen.durability_text_template": { "$current_durability": 466 } },
      { "465@debug_screen.durability_text_template": { "$current_durability": 465 } },
      { "464@debug_screen.durability_text_template": { "$current_durability": 464 } },
      { "463@debug_screen.durability_text_template": { "$current_durability": 463 } },
      { "462@debug_screen.durability_text_template": { "$current_durability": 462 } },
      { "461@debug_screen.durability_text_template": { "$current_durability": 461 } },
      { "460@debug_screen.durability_text_template": { "$current_durability": 460 } },
      { "459@debug_screen.durability_text_template": { "$current_durability": 459 } },
      { "458@debug_screen.durability_text_template": { "$current_durability": 458 } },
      { "457@debug_screen.durability_text_template": { "$current_durability": 457 } },
      { "456@debug_screen.durability_text_template": { "$current_durability": 456 } },
      { "455@debug_screen.durability_text_template": { "$current_durability": 455 } },
      { "454@debug_screen.durability_text_template": { "$current_durability": 454 } },
      { "453@debug_screen.durability_text_template": { "$current_durability": 453 } },
      { "452@debug_screen.durability_text_template": { "$current_durability": 452 } },
      { "451@debug_screen.durability_text_template": { "$current_durability": 451 } },
      { "450@debug_screen.durability_text_template": { "$current_durability": 450 } },
      { "449@debug_screen.durability_text_template": { "$current_durability": 449 } },
      { "448@debug_screen.durability_text_template": { "$current_durability": 448 } },
      { "447@debug_screen.durability_text_template": { "$current_durability": 447 } },
      { "446@debug_screen.durability_text_template": { "$current_durability": 446 } },
      { "445@debug_screen.durability_text_template": { "$current_durability": 445 } },
      { "444@debug_screen.durability_text_template": { "$current_durability": 444 } },
      { "443@debug_screen.durability_text_template": { "$current_durability": 443 } },
      { "442@debug_screen.durability_text_template": { "$current_durability": 442 } },
      { "441@debug_screen.durability_text_template": { "$current_durability": 441 } },
      { "440@debug_screen.durability_text_template": { "$current_durability": 440 } },
      { "439@debug_screen.durability_text_template": { "$current_durability": 439 } },
      { "438@debug_screen.durability_text_template": { "$current_durability": 438 } },
      { "437@debug_screen.durability_text_template": { "$current_durability": 437 } },
      { "436@debug_screen.durability_text_template": { "$current_durability": 436 } },
      { "435@debug_screen.durability_text_template": { "$current_durability": 435 } },
      { "434@debug_screen.durability_text_template": { "$current_durability": 434 } },
      { "433@debug_screen.durability_text_template": { "$current_durability": 433 } },
      { "432@debug_screen.durability_text_template": { "$current_durability": 432 } },
      { "431@debug_screen.durability_text_template": { "$current_durability": 431 } },
      { "430@debug_screen.durability_text_template": { "$current_durability": 430 } },
      { "429@debug_screen.durability_text_template": { "$current_durability": 429 } },
      { "428@debug_screen.durability_text_template": { "$current_durability": 428 } },
      { "427@debug_screen.durability_text_template": { "$current_durability": 427 } },
      { "426@debug_screen.durability_text_template": { "$current_durability": 426 } },
      { "425@debug_screen.durability_text_template": { "$current_durability": 425 } },
      { "424@debug_screen.durability_text_template": { "$current_durability": 424 } },
      { "423@debug_screen.durability_text_template": { "$current_durability": 423 } },
      { "422@debug_screen.durability_text_template": { "$current_durability": 422 } },
      { "421@debug_screen.durability_text_template": { "$current_durability": 421 } },
      { "420@debug_screen.durability_text_template": { "$current_durability": 420 } },
      { "419@debug_screen.durability_text_template": { "$current_durability": 419 } },
      { "418@debug_screen.durability_text_template": { "$current_durability": 418 } },
      { "417@debug_screen.durability_text_template": { "$current_durability": 417 } },
      { "416@debug_screen.durability_text_template": { "$current_durability": 416 } },
      { "415@debug_screen.durability_text_template": { "$current_durability": 415 } },
      { "414@debug_screen.durability_text_template": { "$current_durability": 414 } },
      { "413@debug_screen.durability_text_template": { "$current_durability": 413 } },
      { "412@debug_screen.durability_text_template": { "$current_durability": 412 } },
      { "411@debug_screen.durability_text_template": { "$current_durability": 411 } },
      { "410@debug_screen.durability_text_template": { "$current_durability": 410 } },
      { "409@debug_screen.durability_text_template": { "$current_durability": 409 } },
      { "408@debug_screen.durability_text_template": { "$current_durability": 408 } },
      { "407@debug_screen.durability_text_template": { "$current_durability": 407 } },
      { "406@debug_screen.durability_text_template": { "$current_durability": 406 } },
      { "405@debug_screen.durability_text_template": { "$current_durability": 405 } },
      { "404@debug_screen.durability_text_template": { "$current_durability": 404 } },
      { "403@debug_screen.durability_text_template": { "$current_durability": 403 } },
      { "402@debug_screen.durability_text_template": { "$current_durability": 402 } },
      { "401@debug_screen.durability_text_template": { "$current_durability": 401 } },
      { "400@debug_screen.durability_text_template": { "$current_durability": 400 } },
      { "399@debug_screen.durability_text_template": { "$current_durability": 399 } },
      { "398@debug_screen.durability_text_template": { "$current_durability": 398 } },
      { "397@debug_screen.durability_text_template": { "$current_durability": 397 } },
      { "396@debug_screen.durability_text_template": { "$current_durability": 396 } },
      { "395@debug_screen.durability_text_template": { "$current_durability": 395 } },
      { "394@debug_screen.durability_text_template": { "$current_durability": 394 } },
      { "393@debug_screen.durability_text_template": { "$current_durability": 393 } },
      { "392@debug_screen.durability_text_template": { "$current_durability": 392 } },
      { "391@debug_screen.durability_text_template": { "$current_durability": 391 } },
      { "390@debug_screen.durability_text_template": { "$current_durability": 390 } },
      { "389@debug_screen.durability_text_template": { "$current_durability": 389 } },
      { "388@debug_screen.durability_text_template": { "$current_durability": 388 } },
      { "387@debug_screen.durability_text_template": { "$current_durability": 387 } },
      { "386@debug_screen.durability_text_template": { "$current_durability": 386 } },
      { "385@debug_screen.durability_text_template": { "$current_durability": 385 } },
      { "384@debug_screen.durability_text_template": { "$current_durability": 384 } },
      { "383@debug_screen.durability_text_template": { "$current_durability": 383 } },
      { "382@debug_screen.durability_text_template": { "$current_durability": 382 } },
      { "381@debug_screen.durability_text_template": { "$current_durability": 381 } },
      { "380@debug_screen.durability_text_template": { "$current_durability": 380 } },
      { "379@debug_screen.durability_text_template": { "$current_durability": 379 } },
      { "378@debug_screen.durability_text_template": { "$current_durability": 378 } },
      { "377@debug_screen.durability_text_template": { "$current_durability": 377 } },
      { "376@debug_screen.durability_text_template": { "$current_durability": 376 } },
      { "375@debug_screen.durability_text_template": { "$current_durability": 375 } },
      { "374@debug_screen.durability_text_template": { "$current_durability": 374 } },
      { "373@debug_screen.durability_text_template": { "$current_durability": 373 } },
      { "372@debug_screen.durability_text_template": { "$current_durability": 372 } },
      { "371@debug_screen.durability_text_template": { "$current_durability": 371 } },
      { "370@debug_screen.durability_text_template": { "$current_durability": 370 } },
      { "369@debug_screen.durability_text_template": { "$current_durability": 369 } },
      { "368@debug_screen.durability_text_template": { "$current_durability": 368 } },
      { "367@debug_screen.durability_text_template": { "$current_durability": 367 } },
      { "366@debug_screen.durability_text_template": { "$current_durability": 366 } },
      { "365@debug_screen.durability_text_template": { "$current_durability": 365 } },
      { "364@debug_screen.durability_text_template": { "$current_durability": 364 } },
      { "363@debug_screen.durability_text_template": { "$current_durability": 363 } },
      { "362@debug_screen.durability_text_template": { "$current_durability": 362 } },
      { "361@debug_screen.durability_text_template": { "$current_durability": 361 } },
      { "360@debug_screen.durability_text_template": { "$current_durability": 360 } },
      { "359@debug_screen.durability_text_template": { "$current_durability": 359 } },
      { "358@debug_screen.durability_text_template": { "$current_durability": 358 } },
      { "357@debug_screen.durability_text_template": { "$current_durability": 357 } },
      { "356@debug_screen.durability_text_template": { "$current_durability": 356 } },
      { "355@debug_screen.durability_text_template": { "$current_durability": 355 } },
      { "354@debug_screen.durability_text_template": { "$current_durability": 354 } },
      { "353@debug_screen.durability_text_template": { "$current_durability": 353 } },
      { "352@debug_screen.durability_text_template": { "$current_durability": 352 } },
      { "351@debug_screen.durability_text_template": { "$current_durability": 351 } },
      { "350@debug_screen.durability_text_template": { "$current_durability": 350 } },
      { "349@debug_screen.durability_text_template": { "$current_durability": 349 } },
      { "348@debug_screen.durability_text_template": { "$current_durability": 348 } },
      { "347@debug_screen.durability_text_template": { "$current_durability": 347 } },
      { "346@debug_screen.durability_text_template": { "$current_durability": 346 } },
      { "345@debug_screen.durability_text_template": { "$current_durability": 345 } },
      { "344@debug_screen.durability_text_template": { "$current_durability": 344 } },
      { "343@debug_screen.durability_text_template": { "$current_durability": 343 } },
      { "342@debug_screen.durability_text_template": { "$current_durability": 342 } },
      { "341@debug_screen.durability_text_template": { "$current_durability": 341 } },
      { "340@debug_screen.durability_text_template": { "$current_durability": 340 } },
      { "339@debug_screen.durability_text_template": { "$current_durability": 339 } },
      { "338@debug_screen.durability_text_template": { "$current_durability": 338 } },
      { "337@debug_screen.durability_text_template": { "$current_durability": 337 } },
      { "336@debug_screen.durability_text_template": { "$current_durability": 336 } },
      { "335@debug_screen.durability_text_template": { "$current_durability": 335 } },
      { "334@debug_screen.durability_text_template": { "$current_durability": 334 } },
      { "333@debug_screen.durability_text_template": { "$current_durability": 333 } },
      { "332@debug_screen.durability_text_template": { "$current_durability": 332 } },
      { "331@debug_screen.durability_text_template": { "$current_durability": 331 } },
      { "330@debug_screen.durability_text_template": { "$current_durability": 330 } },
      { "329@debug_screen.durability_text_template": { "$current_durability": 329 } },
      { "328@debug_screen.durability_text_template": { "$current_durability": 328 } },
      { "327@debug_screen.durability_text_template": { "$current_durability": 327 } },
      { "326@debug_screen.durability_text_template": { "$current_durability": 326 } },
      { "325@debug_screen.durability_text_template": { "$current_durability": 325 } },
      { "324@debug_screen.durability_text_template": { "$current_durability": 324 } },
      { "323@debug_screen.durability_text_template": { "$current_durability": 323 } },
      { "322@debug_screen.durability_text_template": { "$current_durability": 322 } },
      { "321@debug_screen.durability_text_template": { "$current_durability": 321 } },
      { "320@debug_screen.durability_text_template": { "$current_durability": 320 } },
      { "319@debug_screen.durability_text_template": { "$current_durability": 319 } },
      { "318@debug_screen.durability_text_template": { "$current_durability": 318 } },
      { "317@debug_screen.durability_text_template": { "$current_durability": 317 } },
      { "316@debug_screen.durability_text_template": { "$current_durability": 316 } },
      { "315@debug_screen.durability_text_template": { "$current_durability": 315 } },
      { "314@debug_screen.durability_text_template": { "$current_durability": 314 } },
      { "313@debug_screen.durability_text_template": { "$current_durability": 313 } },
      { "312@debug_screen.durability_text_template": { "$current_durability": 312 } },
      { "311@debug_screen.durability_text_template": { "$current_durability": 311 } },
      { "310@debug_screen.durability_text_template": { "$current_durability": 310 } },
      { "309@debug_screen.durability_text_template": { "$current_durability": 309 } },
      { "308@debug_screen.durability_text_template": { "$current_durability": 308 } },
      { "307@debug_screen.durability_text_template": { "$current_durability": 307 } },
      { "306@debug_screen.durability_text_template": { "$current_durability": 306 } },
      { "305@debug_screen.durability_text_template": { "$current_durability": 305 } },
      { "304@debug_screen.durability_text_template": { "$current_durability": 304 } },
      { "303@debug_screen.durability_text_template": { "$current_durability": 303 } },
      { "302@debug_screen.durability_text_template": { "$current_durability": 302 } },
      { "301@debug_screen.durability_text_template": { "$current_durability": 301 } },
      { "300@debug_screen.durability_text_template": { "$current_durability": 300 } },
      { "299@debug_screen.durability_text_template": { "$current_durability": 299 } },
      { "298@debug_screen.durability_text_template": { "$current_durability": 298 } },
      { "297@debug_screen.durability_text_template": { "$current_durability": 297 } },
      { "296@debug_screen.durability_text_template": { "$current_durability": 296 } },
      { "295@debug_screen.durability_text_template": { "$current_durability": 295 } },
      { "294@debug_screen.durability_text_template": { "$current_durability": 294 } },
      { "293@debug_screen.durability_text_template": { "$current_durability": 293 } },
      { "292@debug_screen.durability_text_template": { "$current_durability": 292 } },
      { "291@debug_screen.durability_text_template": { "$current_durability": 291 } },
      { "290@debug_screen.durability_text_template": { "$current_durability": 290 } },
      { "289@debug_screen.durability_text_template": { "$current_durability": 289 } },
      { "288@debug_screen.durability_text_template": { "$current_durability": 288 } },
      { "287@debug_screen.durability_text_template": { "$current_durability": 287 } },
      { "286@debug_screen.durability_text_template": { "$current_durability": 286 } },
      { "285@debug_screen.durability_text_template": { "$current_durability": 285 } },
      { "284@debug_screen.durability_text_template": { "$current_durability": 284 } },
      { "283@debug_screen.durability_text_template": { "$current_durability": 283 } },
      { "282@debug_screen.durability_text_template": { "$current_durability": 282 } },
      { "281@debug_screen.durability_text_template": { "$current_durability": 281 } },
      { "280@debug_screen.durability_text_template": { "$current_durability": 280 } },
      { "279@debug_screen.durability_text_template": { "$current_durability": 279 } },
      { "278@debug_screen.durability_text_template": { "$current_durability": 278 } },
      { "277@debug_screen.durability_text_template": { "$current_durability": 277 } },
      { "276@debug_screen.durability_text_template": { "$current_durability": 276 } },
      { "275@debug_screen.durability_text_template": { "$current_durability": 275 } },
      { "274@debug_screen.durability_text_template": { "$current_durability": 274 } },
      { "273@debug_screen.durability_text_template": { "$current_durability": 273 } },
      { "272@debug_screen.durability_text_template": { "$current_durability": 272 } },
      { "271@debug_screen.durability_text_template": { "$current_durability": 271 } },
      { "270@debug_screen.durability_text_template": { "$current_durability": 270 } },
      { "269@debug_screen.durability_text_template": { "$current_durability": 269 } },
      { "268@debug_screen.durability_text_template": { "$current_durability": 268 } },
      { "267@debug_screen.durability_text_template": { "$current_durability": 267 } },
      { "266@debug_screen.durability_text_template": { "$current_durability": 266 } },
      { "265@debug_screen.durability_text_template": { "$current_durability": 265 } },
      { "264@debug_screen.durability_text_template": { "$current_durability": 264 } },
      { "263@debug_screen.durability_text_template": { "$current_durability": 263 } },
      { "262@debug_screen.durability_text_template": { "$current_durability": 262 } },
      { "261@debug_screen.durability_text_template": { "$current_durability": 261 } },
      { "260@debug_screen.durability_text_template": { "$current_durability": 260 } },
      { "259@debug_screen.durability_text_template": { "$current_durability": 259 } },
      { "258@debug_screen.durability_text_template": { "$current_durability": 258 } },
      { "257@debug_screen.durability_text_template": { "$current_durability": 257 } },
      { "256@debug_screen.durability_text_template": { "$current_durability": 256 } },
      { "255@debug_screen.durability_text_template": { "$current_durability": 255 } },
      { "254@debug_screen.durability_text_template": { "$current_durability": 254 } },
      { "253@debug_screen.durability_text_template": { "$current_durability": 253 } },
      { "252@debug_screen.durability_text_template": { "$current_durability": 252 } },
      { "251@debug_screen.durability_text_template": { "$current_durability": 251 } },
      { "250@debug_screen.durability_text_template": { "$current_durability": 250 } },
      { "249@debug_screen.durability_text_template": { "$current_durability": 249 } },
      { "248@debug_screen.durability_text_template": { "$current_durability": 248 } },
      { "247@debug_screen.durability_text_template": { "$current_durability": 247 } },
      { "246@debug_screen.durability_text_template": { "$current_durability": 246 } },
      { "245@debug_screen.durability_text_template": { "$current_durability": 245 } },
      { "244@debug_screen.durability_text_template": { "$current_durability": 244 } },
      { "243@debug_screen.durability_text_template": { "$current_durability": 243 } },
      { "242@debug_screen.durability_text_template": { "$current_durability": 242 } },
      { "241@debug_screen.durability_text_template": { "$current_durability": 241 } },
      { "240@debug_screen.durability_text_template": { "$current_durability": 240 } },
      { "239@debug_screen.durability_text_template": { "$current_durability": 239 } },
      { "238@debug_screen.durability_text_template": { "$current_durability": 238 } },
      { "237@debug_screen.durability_text_template": { "$current_durability": 237 } },
      { "236@debug_screen.durability_text_template": { "$current_durability": 236 } },
      { "235@debug_screen.durability_text_template": { "$current_durability": 235 } },
      { "234@debug_screen.durability_text_template": { "$current_durability": 234 } },
      { "233@debug_screen.durability_text_template": { "$current_durability": 233 } },
      { "232@debug_screen.durability_text_template": { "$current_durability": 232 } },
      { "231@debug_screen.durability_text_template": { "$current_durability": 231 } },
      { "230@debug_screen.durability_text_template": { "$current_durability": 230 } },
      { "229@debug_screen.durability_text_template": { "$current_durability": 229 } },
      { "228@debug_screen.durability_text_template": { "$current_durability": 228 } },
      { "227@debug_screen.durability_text_template": { "$current_durability": 227 } },
      { "226@debug_screen.durability_text_template": { "$current_durability": 226 } },
      { "225@debug_screen.durability_text_template": { "$current_durability": 225 } },
      { "224@debug_screen.durability_text_template": { "$current_durability": 224 } },
      { "223@debug_screen.durability_text_template": { "$current_durability": 223 } },
      { "222@debug_screen.durability_text_template": { "$current_durability": 222 } },
      { "221@debug_screen.durability_text_template": { "$current_durability": 221 } },
      { "220@debug_screen.durability_text_template": { "$current_durability": 220 } },
      { "219@debug_screen.durability_text_template": { "$current_durability": 219 } },
      { "218@debug_screen.durability_text_template": { "$current_durability": 218 } },
      { "217@debug_screen.durability_text_template": { "$current_durability": 217 } },
      { "216@debug_screen.durability_text_template": { "$current_durability": 216 } },
      { "215@debug_screen.durability_text_template": { "$current_durability": 215 } },
      { "214@debug_screen.durability_text_template": { "$current_durability": 214 } },
      { "213@debug_screen.durability_text_template": { "$current_durability": 213 } },
      { "212@debug_screen.durability_text_template": { "$current_durability": 212 } },
      { "211@debug_screen.durability_text_template": { "$current_durability": 211 } },
      { "210@debug_screen.durability_text_template": { "$current_durability": 210 } },
      { "209@debug_screen.durability_text_template": { "$current_durability": 209 } },
      { "208@debug_screen.durability_text_template": { "$current_durability": 208 } },
      { "207@debug_screen.durability_text_template": { "$current_durability": 207 } },
      { "206@debug_screen.durability_text_template": { "$current_durability": 206 } },
      { "205@debug_screen.durability_text_template": { "$current_durability": 205 } },
      { "204@debug_screen.durability_text_template": { "$current_durability": 204 } },
      { "203@debug_screen.durability_text_template": { "$current_durability": 203 } },
      { "202@debug_screen.durability_text_template": { "$current_durability": 202 } },
      { "201@debug_screen.durability_text_template": { "$current_durability": 201 } },
      { "200@debug_screen.durability_text_template": { "$current_durability": 200 } },
      { "199@debug_screen.durability_text_template": { "$current_durability": 199 } },
      { "198@debug_screen.durability_text_template": { "$current_durability": 198 } },
      { "197@debug_screen.durability_text_template": { "$current_durability": 197 } },
      { "196@debug_screen.durability_text_template": { "$current_durability": 196 } },
      { "195@debug_screen.durability_text_template": { "$current_durability": 195 } },
      { "194@debug_screen.durability_text_template": { "$current_durability": 194 } },
      { "193@debug_screen.durability_text_template": { "$current_durability": 193 } },
      { "192@debug_screen.durability_text_template": { "$current_durability": 192 } },
      { "191@debug_screen.durability_text_template": { "$current_durability": 191 } },
      { "190@debug_screen.durability_text_template": { "$current_durability": 190 } },
      { "189@debug_screen.durability_text_template": { "$current_durability": 189 } },
      { "188@debug_screen.durability_text_template": { "$current_durability": 188 } },
      { "187@debug_screen.durability_text_template": { "$current_durability": 187 } },
      { "186@debug_screen.durability_text_template": { "$current_durability": 186 } },
      { "185@debug_screen.durability_text_template": { "$current_durability": 185 } },
      { "184@debug_screen.durability_text_template": { "$current_durability": 184 } },
      { "183@debug_screen.durability_text_template": { "$current_durability": 183 } },
      { "182@debug_screen.durability_text_template": { "$current_durability": 182 } },
      { "181@debug_screen.durability_text_template": { "$current_durability": 181 } },
      { "180@debug_screen.durability_text_template": { "$current_durability": 180 } },
      { "179@debug_screen.durability_text_template": { "$current_durability": 179 } },
      { "178@debug_screen.durability_text_template": { "$current_durability": 178 } },
      { "177@debug_screen.durability_text_template": { "$current_durability": 177 } },
      { "176@debug_screen.durability_text_template": { "$current_durability": 176 } },
      { "175@debug_screen.durability_text_template": { "$current_durability": 175 } },
      { "174@debug_screen.durability_text_template": { "$current_durability": 174 } },
      { "173@debug_screen.durability_text_template": { "$current_durability": 173 } },
      { "172@debug_screen.durability_text_template": { "$current_durability": 172 } },
      { "171@debug_screen.durability_text_template": { "$current_durability": 171 } },
      { "170@debug_screen.durability_text_template": { "$current_durability": 170 } },
      { "169@debug_screen.durability_text_template": { "$current_durability": 169 } },
      { "168@debug_screen.durability_text_template": { "$current_durability": 168 } },
      { "167@debug_screen.durability_text_template": { "$current_durability": 167 } },
      { "166@debug_screen.durability_text_template": { "$current_durability": 166 } },
      { "165@debug_screen.durability_text_template": { "$current_durability": 165 } },
      { "164@debug_screen.durability_text_template": { "$current_durability": 164 } },
      { "163@debug_screen.durability_text_template": { "$current_durability": 163 } },
      { "162@debug_screen.durability_text_template": { "$current_durability": 162 } },
      { "161@debug_screen.durability_text_template": { "$current_durability": 161 } },
      { "160@debug_screen.durability_text_template": { "$current_durability": 160 } },
      { "159@debug_screen.durability_text_template": { "$current_durability": 159 } },
      { "158@debug_screen.durability_text_template": { "$current_durability": 158 } },
      { "157@debug_screen.durability_text_template": { "$current_durability": 157 } },
      { "156@debug_screen.durability_text_template": { "$current_durability": 156 } },
      { "155@debug_screen.durability_text_template": { "$current_durability": 155 } },
      { "154@debug_screen.durability_text_template": { "$current_durability": 154 } },
      { "153@debug_screen.durability_text_template": { "$current_durability": 153 } },
      { "152@debug_screen.durability_text_template": { "$current_durability": 152 } },
      { "151@debug_screen.durability_text_template": { "$current_durability": 151 } },
      { "150@debug_screen.durability_text_template": { "$current_durability": 150 } },
      { "149@debug_screen.durability_text_template": { "$current_durability": 149 } },
      { "148@debug_screen.durability_text_template": { "$current_durability": 148 } },
      { "147@debug_screen.durability_text_template": { "$current_durability": 147 } },
      { "146@debug_screen.durability_text_template": { "$current_durability": 146 } },
      { "145@debug_screen.durability_text_template": { "$current_durability": 145 } },
      { "144@debug_screen.durability_text_template": { "$current_durability": 144 } },
      { "143@debug_screen.durability_text_template": { "$current_durability": 143 } },
      { "142@debug_screen.durability_text_template": { "$current_durability": 142 } },
      { "141@debug_screen.durability_text_template": { "$current_durability": 141 } },
      { "140@debug_screen.durability_text_template": { "$current_durability": 140 } },
      { "139@debug_screen.durability_text_template": { "$current_durability": 139 } },
      { "138@debug_screen.durability_text_template": { "$current_durability": 138 } },
      { "137@debug_screen.durability_text_template": { "$current_durability": 137 } },
      { "136@debug_screen.durability_text_template": { "$current_durability": 136 } },
      { "135@debug_screen.durability_text_template": { "$current_durability": 135 } },
      { "134@debug_screen.durability_text_template": { "$current_durability": 134 } },
      { "133@debug_screen.durability_text_template": { "$current_durability": 133 } },
      { "132@debug_screen.durability_text_template": { "$current_durability": 132 } },
      { "131@debug_screen.durability_text_template": { "$current_durability": 131 } },
      { "130@debug_screen.durability_text_template": { "$current_durability": 130 } },
      { "129@debug_screen.durability_text_template": { "$current_durability": 129 } },
      { "128@debug_screen.durability_text_template": { "$current_durability": 128 } },
      { "127@debug_screen.durability_text_template": { "$current_durability": 127 } },
      { "126@debug_screen.durability_text_template": { "$current_durability": 126 } },
      { "125@debug_screen.durability_text_template": { "$current_durability": 125 } },
      { "124@debug_screen.durability_text_template": { "$current_durability": 124 } },
      { "123@debug_screen.durability_text_template": { "$current_durability": 123 } },
      { "122@debug_screen.durability_text_template": { "$current_durability": 122 } },
      { "121@debug_screen.durability_text_template": { "$current_durability": 121 } },
      { "120@debug_screen.durability_text_template": { "$current_durability": 120 } },
      { "119@debug_screen.durability_text_template": { "$current_durability": 119 } },
      { "118@debug_screen.durability_text_template": { "$current_durability": 118 } },
      { "117@debug_screen.durability_text_template": { "$current_durability": 117 } },
      { "116@debug_screen.durability_text_template": { "$current_durability": 116 } },
      { "115@debug_screen.durability_text_template": { "$current_durability": 115 } },
      { "114@debug_screen.durability_text_template": { "$current_durability": 114 } },
      { "113@debug_screen.durability_text_template": { "$current_durability": 113 } },
      { "112@debug_screen.durability_text_template": { "$current_durability": 112 } },
      { "111@debug_screen.durability_text_template": { "$current_durability": 111 } },
      { "110@debug_screen.durability_text_template": { "$current_durability": 110 } },
      { "109@debug_screen.durability_text_template": { "$current_durability": 109 } },
      { "108@debug_screen.durability_text_template": { "$current_durability": 108 } },
      { "107@debug_screen.durability_text_template": { "$current_durability": 107 } },
      { "106@debug_screen.durability_text_template": { "$current_durability": 106 } },
      { "105@debug_screen.durability_text_template": { "$current_durability": 105 } },
      { "104@debug_screen.durability_text_template": { "$current_durability": 104 } },
      { "103@debug_screen.durability_text_template": { "$current_durability": 103 } },
      { "102@debug_screen.durability_text_template": { "$current_durability": 102 } },
      { "101@debug_screen.durability_text_template": { "$current_durability": 101 } },
      { "100@debug_screen.durability_text_template": { "$current_durability": 100 } },
      { "99@debug_screen.durability_text_template": { "$current_durability": 99 } },
      { "98@debug_screen.durability_text_template": { "$current_durability": 98 } },
      { "97@debug_screen.durability_text_template": { "$current_durability": 97 } },
      { "96@debug_screen.durability_text_template": { "$current_durability": 96 } },
      { "95@debug_screen.durability_text_template": { "$current_durability": 95 } },
      { "94@debug_screen.durability_text_template": { "$current_durability": 94 } },
      { "93@debug_screen.durability_text_template": { "$current_durability": 93 } },
      { "92@debug_screen.durability_text_template": { "$current_durability": 92 } },
      { "91@debug_screen.durability_text_template": { "$current_durability": 91 } },
      { "90@debug_screen.durability_text_template": { "$current_durability": 90 } },
      { "89@debug_screen.durability_text_template": { "$current_durability": 89 } },
      { "88@debug_screen.durability_text_template": { "$current_durability": 88 } },
      { "87@debug_screen.durability_text_template": { "$current_durability": 87 } },
      { "86@debug_screen.durability_text_template": { "$current_durability": 86 } },
      { "85@debug_screen.durability_text_template": { "$current_durability": 85 } },
      { "84@debug_screen.durability_text_template": { "$current_durability": 84 } },
      { "83@debug_screen.durability_text_template": { "$current_durability": 83 } },
      { "82@debug_screen.durability_text_template": { "$current_durability": 82 } },
      { "81@debug_screen.durability_text_template": { "$current_durability": 81 } },
      { "80@debug_screen.durability_text_template": { "$current_durability": 80 } },
      { "79@debug_screen.durability_text_template": { "$current_durability": 79 } },
      { "78@debug_screen.durability_text_template": { "$current_durability": 78 } },
      { "77@debug_screen.durability_text_template": { "$current_durability": 77 } },
      { "76@debug_screen.durability_text_template": { "$current_durability": 76 } },
      { "75@debug_screen.durability_text_template": { "$current_durability": 75 } },
      { "74@debug_screen.durability_text_template": { "$current_durability": 74 } },
      { "73@debug_screen.durability_text_template": { "$current_durability": 73 } },
      { "72@debug_screen.durability_text_template": { "$current_durability": 72 } },
      { "71@debug_screen.durability_text_template": { "$current_durability": 71 } },
      { "70@debug_screen.durability_text_template": { "$current_durability": 70 } },
      { "69@debug_screen.durability_text_template": { "$current_durability": 69 } },
      { "68@debug_screen.durability_text_template": { "$current_durability": 68 } },
      { "67@debug_screen.durability_text_template": { "$current_durability": 67 } },
      { "66@debug_screen.durability_text_template": { "$current_durability": 66 } },
      { "65@debug_screen.durability_text_template": { "$current_durability": 65 } },
      { "64@debug_screen.durability_text_template": { "$current_durability": 64 } },
      { "63@debug_screen.durability_text_template": { "$current_durability": 63 } },
      { "62@debug_screen.durability_text_template": { "$current_durability": 62 } },
      { "61@debug_screen.durability_text_template": { "$current_durability": 61 } },
      { "60@debug_screen.durability_text_template": { "$current_durability": 60 } },
      { "59@debug_screen.durability_text_template": { "$current_durability": 59 } },
      { "58@debug_screen.durability_text_template": { "$current_durability": 58 } },
      { "57@debug_screen.durability_text_template": { "$current_durability": 57 } },
      { "56@debug_screen.durability_text_template": { "$current_durability": 56 } },
      { "55@debug_screen.durability_text_template": { "$current_durability": 55 } },
      { "54@debug_screen.durability_text_template": { "$current_durability": 54 } },
      { "53@debug_screen.durability_text_template": { "$current_durability": 53 } },
      { "52@debug_screen.durability_text_template": { "$current_durability": 52 } },
      { "51@debug_screen.durability_text_template": { "$current_durability": 51 } },
      { "50@debug_screen.durability_text_template": { "$current_durability": 50 } },
      { "49@debug_screen.durability_text_template": { "$current_durability": 49 } },
      { "48@debug_screen.durability_text_template": { "$current_durability": 48 } },
      { "47@debug_screen.durability_text_template": { "$current_durability": 47 } },
      { "46@debug_screen.durability_text_template": { "$current_durability": 46 } },
      { "45@debug_screen.durability_text_template": { "$current_durability": 45 } },
      { "44@debug_screen.durability_text_template": { "$current_durability": 44 } },
      { "43@debug_screen.durability_text_template": { "$current_durability": 43 } },
      { "42@debug_screen.durability_text_template": { "$current_durability": 42 } },
      { "41@debug_screen.durability_text_template": { "$current_durability": 41 } },
      { "40@debug_screen.durability_text_template": { "$current_durability": 40 } },
      { "39@debug_screen.durability_text_template": { "$current_durability": 39 } },
      { "38@debug_screen.durability_text_template": { "$current_durability": 38 } },
      { "37@debug_screen.durability_text_template": { "$current_durability": 37 } },
      { "36@debug_screen.durability_text_template": { "$current_durability": 36 } },
      { "35@debug_screen.durability_text_template": { "$current_durability": 35 } },
      { "34@debug_screen.durability_text_template": { "$current_durability": 34 } },
      { "33@debug_screen.durability_text_template": { "$current_durability": 33 } },
      { "32@debug_screen.durability_text_template": { "$current_durability": 32 } },
      { "31@debug_screen.durability_text_template": { "$current_durability": 31 } },
      { "30@debug_screen.durability_text_template": { "$current_durability": 30 } },
      { "29@debug_screen.durability_text_template": { "$current_durability": 29 } },
      { "28@debug_screen.durability_text_template": { "$current_durability": 28 } },
      { "27@debug_screen.durability_text_template": { "$current_durability": 27 } },
      { "26@debug_screen.durability_text_template": { "$current_durability": 26 } },
      { "25@debug_screen.durability_text_template": { "$current_durability": 25 } },
      { "24@debug_screen.durability_text_template": { "$current_durability": 24 } },
      { "23@debug_screen.durability_text_template": { "$current_durability": 23 } },
      { "22@debug_screen.durability_text_template": { "$current_durability": 22 } },
      { "21@debug_screen.durability_text_template": { "$current_durability": 21 } },
      { "20@debug_screen.durability_text_template": { "$current_durability": 20 } },
      { "19@debug_screen.durability_text_template": { "$current_durability": 19 } },
      { "18@debug_screen.durability_text_template": { "$current_durability": 18 } },
      { "17@debug_screen.durability_text_template": { "$current_durability": 17 } },
      { "16@debug_screen.durability_text_template": { "$current_durability": 16 } },
      { "15@debug_screen.durability_text_template": { "$current_durability": 15 } },
      { "14@debug_screen.durability_text_template": { "$current_durability": 14 } },
      { "13@debug_screen.durability_text_template": { "$current_durability": 13 } },
      { "12@debug_screen.durability_text_template": { "$current_durability": 12 } },
      { "11@debug_screen.durability_text_template": { "$current_durability": 11 } },
      { "10@debug_screen.durability_text_template": { "$current_durability": 10 } },
      { "9@debug_screen.durability_text_template": { "$current_durability": 9 } },
      { "8@debug_screen.durability_text_template": { "$current_durability": 8 } },
      { "7@debug_screen.durability_text_template": { "$current_durability": 7 } },
      { "6@debug_screen.durability_text_template": { "$current_durability": 6 } },
      { "5@debug_screen.durability_text_template": { "$current_durability": 5 } },
      { "4@debug_screen.durability_text_template": { "$current_durability": 4 } },
      { "3@debug_screen.durability_text_template": { "$current_durability": 3 } },
      { "2@debug_screen.durability_text_template": { "$current_durability": 2 } },
      { "1@debug_screen.durability_text_template": { "$current_durability": 1 } },
      { "0@debug_screen.durability_text_template": { "$current_durability": 0 } }
    ]
  }
}
