{
  "pools": [
    {
      "rolls": {
        "min": 1,
        "max": 1
      },
      "entries": [
        {
          "type": "item",
          "name": "minecraft:apple",
          "weight": 30,
          "functions": [
            {
              "function": "set_count",
              "count": 1
            }
          ]
        },
        {
          "type": "item",
          "name": "minecraft:golden_apple",
          "weight": 1,
          "functions": [
            {
              "function": "set_data",
              "data": 0
            },
            {
              "function": "set_count",
              "count": 1
            }
          ]
        },
        {
          "type": "item",
          "name": "korbon:apple_sapling_item",
          "weight": 2,
          "functions": [
            {
              "function": "set_data",
              "data": 0
            },
            {
              "function": "set_count",
              "count": 1
            }
          ]
        }
      ]
    }
  ]
}