{
  "pools": [
    {
      "rolls": 1,
      "entries": [
        {
          "type": "item",
          "name": "korbon:cherry",
          "weight": 30,
          "functions": [
            {
              "function": "set_count",
              "count": 1
            }
          ]
        },
        {
          "type": "item",
          "name": "korbon:cherry_sapling_item",
          "weight": 1,
          "functions": [
            {
              "function": "set_data",
              "data": 0
            },
            {
              "function": "set_count",
              "count": 1
            }
          ]
        }
      ]
    }
  ]
}