{
    "format_version": "1.13.0",
    "minecraft:structure_template_feature": {
        "description": {
            "identifier": "minecraft:abandoned_house_2_mcstructure"
        },
        "structure_name": "mystructure:abandoned_house_2",
        "adjustment_radius": 8,
        "facing_direction": "random",
        "constraints": {
            "grounded": {}
        }
    }
}
// Exported from software by MACHINE_BUILDER on YouTube. Check out this video for more information : https://www.youtube.com/watch?v=vcLibdIq7To <- download link in description