{
  "azton:steelore": {
    "textures": "azton_steelore",
    "sound": "stone"
  },
  "azton:energizedruby": {
    "textures": "azton_energizedruby",
    "sound": "stone"
  },
  "azton:titaniumore": {
    "textures": "azton_titaniumore",
    "sound": "normal"
  },
  "azton:corruptedsoulore": {
    "textures": "azton_corruptedsoulore",
    "sound": "normal"
  },
  "azton:forgingstation": {
    "textures": "azton_forgingstation",
    "sound": "anvil"
  },
  "azton:tableofmaging": {
    "textures": "azton_tableofmaging",
    "sound": "wood"
  },
  "azton:ancientdiamondore": {
    "textures": "azton_ancientdiamondore",
    "sound": "stone"
  },
  "azton:ancientironore": {
    "textures": "azton_ancientironore",
    "sound": "stone"
  },
  "azton:ancientredstoneore": {
    "textures": "azton_ancientredstoneore",
    "sound": "stone"
  },
  "azton:ancientgoldore": {
    "textures": "azton_ancientgoldore",
    "sound": "stone"
  },
  "azton:ancientcoalore": {
    "textures": "azton_ancientcoalore",
    "sound": "stone"
  },
  "azton:ancientcopperore": {
    "textures": "azton_ancientcopperore",
    "sound": "stone"
  },
  "azton:ancientemeraldore": {
    "textures": "azton_ancientemeraldore",
    "sound": "stone"
  },
  "azton:ancientlapisore": {
    "textures": "azton_ancientlapisore",
    "sound": "stone"
  },
  "azton:tombstone1": {
    "textures": "azton_tombstone1",
    "sound": "stone"
  },
  "azton:alloyeddebri": {
    "textures": {
      "up": "azton_alloyeddebri_up",
      "down": "azton_alloyeddebri_down",
      "side": "azton_alloyeddebri_side"
    },
    "sound": "stone"
  },
  "azton:tombstone3": {
    "textures": "azton_tombstone3",
    "sound": "stone"
  },
  "azton:tombstone4": {
    "textures": "azton_tombstone4",
    "sound": "stone"
  },
  "azton:tombstone2": {
    "textures": "azton_tombstone2",
    "sound": "stone"
  },
  "azton:tombstone5": {
    "textures": "azton_tombstone5",
    "sound": "stone"
  },
  "azton:tombstone6": {
    "textures": "azton_tombstone6",
    "sound": "stone"
  },
  "azton:tombstone7": {
    "textures": "azton_tombstone7",
    "sound": "stone"
  },
  "azton:tombstone8": {
    "textures": "azton_tombstone8",
    "sound": "stone"
  },
  "azton:goldcoinpile": {
    "textures": "azton_goldcoinpile",
    "sound": "metal"
  },
  "azton:smallbookstack": {
    "textures": "azton_smallbookstack",
    "sound": "normal"
  },
  "azton:blacksmithhangingsign": {
    "textures": "azton_blacksmithhangingsign",
    "sound": "wood"
  },
  "azton:armoryhangingsign": {
    "textures": "azton_armoryhangingsign",
    "sound": "wood"
  },
  "azton:bookstack": {
    "textures": "azton_bookstack",
    "sound": "normal"
  },
  "azton:tavernhangingsign": {
    "textures": "azton_tavernhangingsign",
    "sound": "wood"
  },
  "azton:crostossenleaves": {
    "textures": "azton_crostossenleaves",
    "sound": "sweet_berry_bush"
  },
  "azton:crostossenplanks": {
    "textures": "azton_crostossenplanks",
    "sound": "wood"
  },
  "azton:crostossenleaves2": {
    "textures": "azton_crostossenleaves2",
    "sound": "sweet_berry_bush"
  },
  "azton:crostossenwood": {
    "textures": {
      "up": "azton_crostossenwood_up",
      "down": "azton_crostossenwood_down",
      "side": "azton_crostossenwood_side"
    },
    "sound": "wood"
  },
  "azton:crostossenstairs": {
    "sound": "wood",
    "textures": "azton_crostossenstairs"
  },
  "azton:crostossenslab": {
    "sound": "wood",
    "textures": "azton_crostossenslab"
  },
  "azton:sentinelbosstrophy": {
    "textures": "azton_sentinelbosstrophy",
    "sound": "stone"
  },
  "azton:tormenttrophy": {
    "textures": "azton_tormenttrophy",
    "sound": "metal"
  },
  "format_version": [
    1,
    1,
    0
  ]
}