{
  "entity_sounds": {
    "entities": {
      "azton:teutonicknight": {
        "volume": 1.0,
        "pitch": [
          0.8,
          1.2
        ],
        "events": {
          "ambient": "mob.villager.haggle",
          "death": "mob.irongolem.death",
          "death.to.zombie": "mob.irongolem.death",
          "haggle": "mob.villager.haggle",
          "haggle.no": "mob.villager.no",
          "haggle.yes": "mob.villager.yes",
          "hurt": "armor.equip_iron"
        }
      },
      "azton:goblinwarrior": {
        "volume": 1.0,
        "pitch": [
          0.8,
          1.2
        ],
        "events": {
          "ambient": "mob.evocation_illager.ambient",
          "death": "mob.evocation_illager.death",
          "death.to.zombie": "mob.villager.death",
          "haggle": "mob.evocation_illager.ambient",
          "haggle.no": "mob.villager.no",
          "haggle.yes": "mob.villager.yes",
          "hurt": "mob.evocation_illager.hurt"
        }
      },
      "azton:royalguard": {
        "volume": 1.0,
        "pitch": [
          0.8,
          1.2
        ],
        "events": {
          "ambient": "mob.villager.haggle",
          "death": "mob.irongolem.death",
          "death.to.zombie": "mob.villager.death",
          "haggle": "mob.villager.haggle",
          "haggle.no": "mob.villager.no",
          "haggle.yes": "mob.villager.yes",
          "hurt": "armor.equip_diamond"
        }
      },
      "azton:warelf": {
        "volume": 1.0,
        "pitch": [
          0.8,
          1.2
        ],
        "events": {
          "ambient": "mob.villager.yes",
          "death": "mob.villager.death",
          "death.to.zombie": "mob.villager.death",
          "haggle": "mob.villager.haggle",
          "haggle.no": "mob.villager.no",
          "haggle.yes": "mob.villager.yes",
          "hurt": "mob.villager.hit"
        }
      },
      "azton:elvenarcher": {
        "volume": 1.0,
        "pitch": [
          0.8,
          1.2
        ],
        "events": {
          "ambient": "mob.villager.haggle",
          "death": "mob.villager.death",
          "death.to.zombie": "mob.villager.death",
          "haggle": "mob.villager.haggle",
          "haggle.no": "mob.villager.no",
          "haggle.yes": "mob.villager.yes",
          "hurt": "mob.villager.hit"
        }
      },
      "azton:keepknight": {
        "volume": 1.0,
        "pitch": [
          0.8,
          1.2
        ],
        "events": {
          "ambient": "mob.villager.idle",
          "death": "mob.irongolem.death",
          "death.to.zombie": "mob.villager.death",
          "haggle": "mob.villager.idle",
          "haggle.no": "mob.villager.no",
          "haggle.yes": "mob.villager.yes",
          "hurt": "armor.equip_iron"
        }
      },
      "azton:goblintrader": {
        "volume": 1.0,
        "pitch": [
          0.8,
          1.2
        ],
        "events": {
          "ambient": "mob.villager.idle",
          "death": "mob.villager.death",
          "death.to.zombie": "mob.villager.death",
          "haggle": "mob.villager.haggle",
          "haggle.no": "mob.villager.no",
          "haggle.yes": "mob.villager.yes",
          "hurt": "mob.villager.hit"
        }
      },
      "azton:goblinchief": {
        "volume": 1.0,
        "pitch": [
          0.8,
          1.2
        ],
        "events": {
          "ambient": "mob.vindicator.idle",
          "death": "mob.vindicator.death",
          "death.to.zombie": "mob.villager.death",
          "haggle": "mob.vindicator.idle",
          "haggle.no": "mob.villager.no",
          "haggle.yes": "mob.villager.yes",
          "hurt": "mob.vindicator.hurt"
        }
      },
      "azton:mimicchest": {
        "volume": 1.0,
        "pitch": [
          0.8,
          1.2
        ],
        "events": {
          "ambient": "step.wood",
          "angry": "random.chestclosed",
          "attack": "random.chestclosed",
          "death": "random.chestclosed",
          "hurt": "dig.wood",
          "retreat": "mob.hoglin.retreat",
          "step": "step.wood"
        }
      },
      "azton:skeletoncryptor": {
        "volume": 1.0,
        "pitch": [
          0.8,
          1.2
        ],
        "events": {
          "ambient": "mob.azton_skeletoncryptor.ambient",
          "angry": "mob.azton_skeletoncryptor.angry",
          "attack": "mob.azton_skeletoncryptor.attack",
          "death": "mob.azton_skeletoncryptor.death",
          "hurt": "mob.azton_skeletoncryptor.hurt",
          "retreat": "mob.azton_skeletoncryptor.retreat",
          "step": "mob.azton_skeletoncryptor.step"
        }
      },
      "azton:mourns": {
        "volume": 1.0,
        "pitch": [
          0.8,
          1.2
        ],
        "events": {
          "ambient": "mob.husk.ambient",
          "angry": "mob.horse.zombie.idle",
          "attack": "mob.azto_mourns.attack",
          "death": "mob.husk.death",
          "hurt": "mob.husk.hurt",
          "retreat": "mob.hoglin.retreat",
          "step": "mob.zombie.step"
        }
      },
      "azton:harvester": {
        "volume": 1.0,
        "pitch": [
          0.8,
          1.2
        ],
        "events": {
          "ambient": "particle.soul_escape",
          "angry": "mob.blaze.breathe",
          "attack": "mob.skeleton.say",
          "death": "mob.horse.skeleton.death",
          "hurt": "mob.skeleton.hurt",
          "retreat": "mob.hoglin.retreat",
          "step": "particle.soul_escape"
        }
      },
      "azton:shadowwalker": {
        "volume": 1.0,
        "pitch": [
          0.8,
          1.2
        ],
        "events": {
          "ambient": "mob.horse.skeleton.idle",
          "angry": "dig.soul_sand",
          "attack": "particle.soul_escape",
          "death": "mob.horse.skeleton.death",
          "hurt": "particle.soul_escape",
          "retreat": "mob.hoglin.retreat",
          "step": "particle.soul_escape"
        }
      },
      "azton:royalcavalry": {
        "volume": 1.0,
        "pitch": [
          0.8,
          1.2
        ],
        "events": {
          "ambient": "mob.villager.haggle",
          "angry": "mob.horse.angry",
          "attack": "mob.villager.no",
          "death": "mob.villager.death",
          "hurt": "mob.horse.hit",
          "retreat": "mob.hoglin.retreat",
          "step": "mob.horse.gallop"
        }
      },
      "azton:ogre": {
        "volume": 1.0,
        "pitch": [
          0.8,
          1.2
        ],
        "events": {
          "ambient": "mob.ravager.ambient",
          "angry": "mob.ravager.bite",
          "attack": "mob.ravager.roar",
          "death": "mob.ravager.death",
          "hurt": "mob.ravager.hurt",
          "retreat": "mob.hoglin.retreat",
          "step": "mob.hoglin.step"
        }
      },
      "azton:troll": {
        "volume": 1.0,
        "pitch": [
          0.8,
          1.2
        ],
        "events": {
          "ambient": "mob.ravager.ambient",
          "angry": "mob.ravager.ambient",
          "attack": "mob.ravager.roar",
          "death": "mob.ravager.death",
          "hurt": "mob.ravager.hurt",
          "retreat": "mob.ravager.ambient",
          "step": "mob.hoglin.step"
        }
      },
      "azton:kingkronos": {
        "volume": 1.0,
        "pitch": [
          0.8,
          1.2
        ],
        "events": {
          "ambient": "mob.villager.haggle",
          "angry": "mob.villager.no",
          "attack": "mob.azton_kingkronos.attack",
          "death": "mob.irongolem.death",
          "hurt": "mob.irongolem.hit",
          "retreat": "mob.irongolem.walk",
          "step": "mob.irongolem.walk"
        }
      },
      "azton:queenemera": {
        "volume": 1.0,
        "pitch": [
          0.8,
          1.2
        ],
        "events": {
          "ambient": "mob.villager.idle",
          "angry": "mob.villager.haggle",
          "attack": "mob.villager.no",
          "death": "mob.villager.death",
          "hurt": "mob.villager.hit",
          "retreat": "mob.villager.haggle",
          "step": "step.cloth"
        }
      },
      "azton:dragonfly": {
        "volume": 1.0,
        "pitch": [
          0.8,
          1.2
        ],
        "events": {
          "ambient": "mob.enderdragon.growl",
          "hurt": "mob.enderdragon.hit",
          "death": "mob.azton_dragonfly.death",
          "attack": "mob.ravager.bite",
          "swoop": "mob.enderdragon.flap"
        }
      },
      "azton:dragonlandfinale": {
        "volume": 1.0,
        "pitch": [
          0.8,
          1.2
        ],
        "events": {
          "ambient": "mob.enderdragon.growl",
          "angry": "mob.ghast.fireball",
          "attack": "mob.ravager.bite",
          "death": "mob.enderdragon.growl",
          "hurt": "mob.enderdragon.hit",
          "retreat": "mob.enderdragon.hit",
          "step": "mob.enderdragon.flap"
        }
      },
      "azton:dragonland": {
        "volume": 1.0,
        "pitch": [
          0.8,
          1.2
        ],
        "events": {
          "ambient": "mob.enderdragon.growl",
          "angry": "mob.enderdragon.growl",
          "attack": "mob.ravager.bite",
          "death": "mob.azton_dragonland.death",
          "hurt": "mob.enderdragon.hit",
          "retreat": "mob.enderdragon.hit",
          "step": "mob.enderdragon.flap"
        }
      },
      "azton:theanchor": {
        "volume": 1.0,
        "pitch": [
          0.8,
          1.2
        ],
        "events": {
          "ambient": "mob.drowned.say_water",
          "angry": "mob.drowned.say",
          "attack": "hit.anvil",
          "death": "mob.drowned.death_water",
          "hurt": "mob.drowned.hurt_water",
          "retreat": "entity.zombie.converted_to_drowned",
          "step": "mob.drowned.swim"
        }
      },
      "azton:earthstatue": {
        "volume": 1.0,
        "pitch": [
          0.8,
          1.2
        ],
        "events": {
          "ambient": "mob.blaze.breathe",
          "angry": "break.dripstone_block",
          "attack": "mob.zombie.woodbreak",
          "death": "block.grindstone.use",
          "hurt": "mob.wither.break_block",
          "retreat": "break.dripstone_block",
          "step": "mob.zombie.wood"
        }
      },
      "azton:armoredtower": {
        "volume": 1.0,
        "pitch": [
          0.8,
          1.2
        ],
        "events": {
          "ambient": "mob.pa_hoglin.ambient",
          "angry": "mob.irongolem.hit",
          "attack": "mob.irongolem.throw",
          "death": "mob.azton_armoredtower.death",
          "hurt": "mob.irongolem.hit",
          "retreat": "mob.irongolem.walk",
          "step": "mob.azton_armoredtower.step"
        }
      },
      "azton:armoredtowerphase2": {
        "volume": 1.0,
        "pitch": [
          0.8,
          1.2
        ],
        "events": {
          "ambient": "mob.pa_hoglin.ambient",
          "angry": "mob.irongolem.hit",
          "attack": "mob.irongolem.throw",
          "death": "mob.irongolem.death",
          "hurt": "mob.irongolem.hit",
          "retreat": "mob.irongolem.walk",
          "step": "mob.azton_armoredtowerphase2.step"
        }
      },
      "azton:ironvanguardphase1": {
        "volume": 1.0,
        "pitch": [
          0.8,
          1.2
        ],
        "events": {
          "ambient": "particle.soul_escape",
          "angry": "mob.irongolem.throw",
          "attack": "mob.irongolem.throw",
          "death": "mob.irongolem.death",
          "hurt": "mob.irongolem.hit",
          "retreat": "mob.irongolem.hit",
          "step": "mob.azton_ironvanguardphase1.step"
        }
      },
      "azton:ironvanguardphase2": {
        "volume": 1.0,
        "pitch": [
          0.8,
          1.2
        ],
        "events": {
          "ambient": "particle.soul_escape",
          "angry": "mob.irongolem.hit",
          "attack": "mob.irongolem.throw",
          "death": "mob.irongolem.death",
          "hurt": "mob.azton_ironvanguardphase1.hurt",
          "retreat": "mob.irongolem.hit",
          "step": "mob.azton_ironvanguardphase2.step"
        }
      },
      "azton:fallensentinel": {
        "volume": 1.0,
        "pitch": [
          0.8,
          1.2
        ],
        "events": {
          "ambient": "mob.blaze.breathe",
          "angry": "mob.vindicator.idle",
          "attack": "mob.irongolem.throw",
          "death": "mob.irongolem.death",
          "hurt": "mob.irongolem.hit",
          "retreat": "mob.irongolem.hit",
          "step": "mob.azton_fallensentinel.step"
        }
      },
      "azton:deer": {
        "volume": 1.0,
        "pitch": [
          0.8,
          1.2
        ],
        "events": {
          "ambient": "mob.cow.say",
          "angry": "mob.cow.hurt",
          "attack": "mob.cow.step",
          "death": "mob.horse.breathe",
          "hurt": "mob.horse.breathe",
          "retreat": "mob.horse.breathe",
          "step": "mob.cow.step"
        }
      },
      "azton:boarhog": {
        "volume": 1.0,
        "pitch": [
          0.8,
          1.2
        ],
        "events": {
          "ambient": "mob.hoglin.ambient",
          "angry": "mob.hoglin.angry",
          "attack": "mob.pig.say",
          "death": "mob.hoglin.hurt",
          "hurt": "mob.hoglin.retreat",
          "retreat": "mob.pig.death",
          "step": "mob.hoglin.step"
        }
      },
      "azton:sentineldeath": {
        "volume": 1.0,
        "pitch": [
          0.8,
          1.2
        ],
        "events": {
          "ambient": "particle.soul_escape",
          "hurt": "armor.equip_chain",
          "death": "armor.equip_iron",
          "shulker.open": "armor.equip_chain",
          "shulker.close": "armor.equip_chain",
          "shoot": "armor.equip_chain"
        }
      },
      "azton:vanguarddeath": {
        "volume": 1.0,
        "pitch": [
          0.8,
          1.2
        ],
        "events": {
          "ambient": "particle.soul_escape",
          "hurt": "armor.equip_chain",
          "death": "armor.equip_iron",
          "shulker.open": "armor.equip_chain",
          "shulker.close": "armor.equip_chain",
          "shoot": "armor.equip_chain"
        }
      },
      "azton:towerdeath": {
        "volume": 1.0,
        "pitch": [
          0.8,
          1.2
        ],
        "events": {
          "ambient": "particle.soul_escape",
          "hurt": "armor.equip_chain",
          "death": "armor.equip_iron",
          "shulker.open": "armor.equip_chain",
          "shulker.close": "armor.equip_chain",
          "shoot": "armor.equip_chain"
        }
      },
      "azton:mimicchestblock": {
        "volume": 1.0,
        "pitch": [
          0.8,
          1.2
        ],
        "events": {
          "ambient": "dig.wood",
          "hurt": "dig.wood",
          "death": "random.chestclosed",
          "shulker.open": "random.chestclosed",
          "shulker.close": "random.chestclosed",
          "shoot": "random.chestclosed"
        }
      },
      "azton:deathguardpaladin": {
        "volume": 1.0,
        "pitch": [
          0.8,
          1.2
        ],
        "events": {
          "ambient": "mob.vindicator.idle",
          "death": "mob.vindicator.death",
          "death.to.zombie": "mob.vindicator.death",
          "haggle": "mob.vindicator.celebrate",
          "haggle.no": "mob.vindicator.celebrate",
          "haggle.yes": "mob.vindicator.celebrate",
          "hurt": "armor.equip_netherite"
        }
      },
      "azton:tormentkingphase1": {
        "volume": 1.0,
        "pitch": [
          0.8,
          1.2
        ],
        "events": {
          "ambient": "mob.evocation_illager.ambient",
          "angry": "mob.irongolem.throw",
          "attack": "random.anvil_land",
          "death": "mob.irongolem.hit",
          "hurt": "mob.irongolem.hit",
          "retreat": "mob.irongolem.walk",
          "step": "mob.azton_tormentkingphase1.step"
        }
      },
      "azton:tormentkingphase2": {
        "volume": 1.0,
        "pitch": [
          0.8,
          1.2
        ],
        "events": {
          "ambient": "mob.evocation_illager.ambient",
          "angry": "mob.irongolem.throw",
          "attack": "random.anvil_land",
          "death": "mob.irongolem.hit",
          "hurt": "mob.irongolem.hit",
          "retreat": "mob.irongolem.walk",
          "step": "mob.azton_tormentkingphase2.step"
        }
      },
      "azton:tormentkingphase3": {
        "volume": 1.0,
        "pitch": [
          0.8,
          1.2
        ],
        "events": {
          "ambient": "mob.evocation_illager.ambient",
          "angry": "mob.irongolem.throw",
          "attack": "random.anvil_land",
          "death": "mob.azton_tormentkingphase3.death",
          "hurt": "mob.irongolem.hit",
          "retreat": "mob.irongolem.walk",
          "step": "mob.azton_tormentkingphase3.step"
        }
      },
      "azton:dwarf": {
        "volume": 1.0,
        "pitch": [
          0.8,
          1.2
        ],
        "events": {
          "ambient": "mob.villager.idle",
          "death": "mob.wanderingtrader.death",
          "death.to.zombie": "mob.wanderingtrader.death",
          "haggle": "mob.villager.haggle",
          "haggle.no": "mob.wanderingtrader.no",
          "haggle.yes": "mob.wanderingtrader.yes",
          "hurt": "mob.villager.hit"
        }
      },
      "azton:dwarfblacksmith": {
        "volume": 1.0,
        "pitch": [
          0.8,
          1.2
        ],
        "events": {
          "ambient": "mob.villager.haggle",
          "death": "mob.villager.death",
          "death.to.zombie": "mob.villager.death",
          "haggle": "mob.villager.haggle",
          "haggle.no": "mob.wanderingtrader.no",
          "haggle.yes": "mob.evocation_illager.celebrate",
          "hurt": "mob.villager.hit"
        }
      },
      "azton:icedragonfly": {
        "volume": 1.0,
        "pitch": [
          0.8,
          1.2
        ],
        "events": {
          "ambient": "mob.enderdragon.growl",
          "hurt": "mob.enderdragon.hit",
          "death": "mob.azton_icedragonfly.death",
          "attack": "mob.ravager.bite",
          "swoop": "mob.enderdragon.flap"
        }
      },
      "azton:icedragonland": {
        "volume": 1.0,
        "pitch": [
          0.8,
          1.2
        ],
        "events": {
          "ambient": "mob.enderdragon.growl",
          "angry": "mob.enderdragon.growl",
          "attack": "mob.ravager.bite",
          "death": "mob.azton_icedragonland.death",
          "hurt": "mob.enderdragon.hit",
          "retreat": "mob.enderdragon.hit",
          "step": "mob.enderdragon.flap"
        }
      },
      "azton:icedragonlandfinale": {
        "volume": 1.0,
        "pitch": [
          0.8,
          1.2
        ],
        "events": {
          "ambient": "mob.enderdragon.growl",
          "angry": "mob.enderdragon.growl",
          "attack": "mob.ravager.bite",
          "death": "mob.enderdragon.growl",
          "hurt": "mob.enderdragon.hit",
          "retreat": "mob.enderdragon.hit",
          "step": "mob.enderdragon.flap"
        }
      },
      "azton:darkelf": {
        "volume": 1.0,
        "pitch": [
          0.8,
          1.2
        ],
        "events": {
          "ambient": "mob.villager.idle",
          "death": "mob.villager.death",
          "death.to.zombie": "mob.villager.death",
          "haggle": "mob.villager.no",
          "haggle.no": "mob.villager.no",
          "haggle.yes": "mob.villager.no",
          "hurt": "armor.equip_iron"
        }
      },
      "azton:dragonslayer": {
        "volume": 1.0,
        "pitch": [
          0.8,
          1.2
        ],
        "events": {
          "ambient": "mob.blaze.breathe",
          "angry": "mob.irongolem.throw",
          "attack": "hit.anvil",
          "death": "mob.azton_dragonslayer.death",
          "hurt": "mob.irongolem.hit",
          "retreat": "mob.irongolem.hit",
          "step": "mob.azton_dragonslayer.step"
        }
      },
      "azton:deathguardknight": {
        "volume": 1.0,
        "pitch": [
          0.8,
          1.2
        ],
        "events": {
          "ambient": "mob.vindicator.idle",
          "death": "mob.vindicator.death",
          "death.to.zombie": "mob.vindicator.death",
          "haggle": "mob.vindicator.idle",
          "haggle.no": "mob.villager.no",
          "haggle.yes": "mob.villager.yes",
          "hurt": "armor.equip_diamond"
        }
      },
      "azton:dragonslayerphase2": {
        "volume": 1.0,
        "pitch": [
          0.8,
          1.2
        ],
        "events": {
          "ambient": "mob.blaze.breathe",
          "angry": "mob.irongolem.throw",
          "attack": "hit.anvil",
          "death": "mob.irongolem.death",
          "hurt": "mob.irongolem.hit",
          "retreat": "mob.irongolem.hit",
          "step": "mob.azton_dragonslayerphase2.step"
        }
      },
      "azton:kronosdeath": {
        "volume": 1.0,
        "pitch": [
          0.8,
          1.2
        ],
        "events": {
          "ambient": "particle.soul_escape",
          "hurt": "armor.equip_chain",
          "death": "armor.equip_iron",
          "shulker.open": "armor.equip_chain",
          "shulker.close": "armor.equip_chain",
          "shoot": "armor.equip_chain"
        }
      },
      "azton:dragonknight": {
        "volume": 1.0,
        "pitch": [
          0.8,
          1.2
        ],
        "events": {
          "ambient": "mob.villager.haggle",
          "angry": "mob.villager.haggle",
          "attack": "mob.irongolem.throw",
          "death": "mob.azton_dragonknight.death",
          "hurt": "mob.irongolem.hit",
          "retreat": "mob.irongolem.walk",
          "step": "mob.azton_dragonknight.step"
        }
      },
      "azton:dragonknightphase2": {
        "volume": 1.0,
        "pitch": [
          0.8,
          1.2
        ],
        "events": {
          "ambient": "mob.villager.haggle",
          "angry": "mob.villager.haggle",
          "attack": "mob.irongolem.throw",
          "death": "mob.azton_dragonknightphase2.death",
          "hurt": "mob.irongolem.hit",
          "retreat": "mob.irongolem.walk",
          "step": "mob.azton_dragonknightphase2.step"
        }
      },
      "azton:dragonknightfinale": {
        "volume": 1.0,
        "pitch": [
          0.8,
          1.2
        ],
        "events": {
          "ambient": "mob.villager.haggle",
          "angry": "mob.villager.haggle",
          "attack": "mob.irongolem.throw",
          "death": "mob.irongolem.death",
          "hurt": "mob.irongolem.hit",
          "retreat": "mob.irongolem.walk",
          "step": "mob.azton_dragonknightfinale.step"
        }
      },
      "azton:lightmage": {
        "volume": 1.0,
        "pitch": [
          0.8,
          1.2
        ],
        "events": {
          "ambient": "mob.villager.idle",
          "angry": "mob.azton_lightmage.angry",
          "attack": "mob.villager.hit",
          "death": "mob.villager.death",
          "hurt": "mob.villager.hit",
          "retreat": "game.player.attack.nodamage",
          "step": "mob.villager.no"
        }
      },
      "azton:redwizard": {
        "volume": 1.0,
        "pitch": [
          0.8,
          1.2
        ],
        "events": {
          "ambient": "mob.evocation_illager.ambient",
          "angry": "mob.azton_redwizard.angry",
          "attack": "mob.evocation_illager.prepare_summon",
          "death": "mob.evocation_illager.death",
          "hurt": "mob.evocation_illager.hurt",
          "retreat": "mob.evocation_illager.cast_spell",
          "step": "beacon.ambient"
        }
      },
      "azton:wendigo": {
        "volume": 1.0,
        "pitch": [
          0.8,
          1.2
        ],
        "events": {
          "ambient": "mob.horse.zombie.idle",
          "angry": "mob.husk.ambient",
          "attack": "particle.soul_escape",
          "death": "mob.horse.skeleton.death",
          "hurt": "mob.husk.death",
          "retreat": "mob.zombie.step",
          "step": "mob.zombie.step"
        }
      },
      "azton:minotaur": {
        "volume": 1.0,
        "pitch": [
          0.8,
          1.2
        ],
        "events": {
          "ambient": "mob.cow.say",
          "angry": "mob.horse.breathe",
          "attack": "mob.irongolem.throw",
          "death": "mob.cow.hurt",
          "hurt": "mob.cow.hurt",
          "retreat": "mob.cow.step",
          "step": "mob.hoglin.step"
        }
      },
      "azton:forestguardian": {
        "volume": 1.0,
        "pitch": [
          0.8,
          1.2
        ],
        "events": {
          "ambient": "step.wood",
          "angry": "dig.vines",
          "attack": "mob.zombie.wood",
          "death": "mob.zombie.woodbreak",
          "hurt": "hit.wood",
          "retreat": "dig.wood",
          "step": "step.wood"
        }
      },
      "azton:cyclops": {
        "volume": 1.0,
        "pitch": [
          0.8,
          1.2
        ],
        "events": {
          "ambient": "mob.ravager.ambient",
          "angry": "mob.ravager.roar",
          "attack": "mob.zombie.woodbreak",
          "death": "mob.ravager.death",
          "hurt": "mob.ravager.hurt",
          "retreat": "mob.ravager.hurt",
          "step": "mob.ravager.step"
        }
      },
      "azton:diamondgeore": {
        "volume": 1.0,
        "pitch": [
          0.8,
          1.2
        ],
        "events": {
          "ambient": "mob.blaze.breathe",
          "angry": "mob.blaze.breathe",
          "attack": "place.deepslate_bricks",
          "death": "respawn_anchor.deplete",
          "hurt": "place.deepslate",
          "retreat": "hit.deepslate",
          "step": "mob.azton_diamondgeore.step"
        }
      },
      "azton:irongeore": {
        "volume": 1.0,
        "pitch": [
          0.8,
          1.2
        ],
        "events": {
          "ambient": "mob.blaze.breathe",
          "angry": "mob.blaze.breathe",
          "attack": "place.deepslate_bricks",
          "death": "respawn_anchor.deplete",
          "hurt": "place.deepslate",
          "retreat": "hit.deepslate",
          "step": "mob.azton_diamondgeore.step"
        }
      },
      "azton:goldgeore": {
        "volume": 1.0,
        "pitch": [
          0.8,
          1.2
        ],
        "events": {
          "ambient": "mob.blaze.breathe",
          "angry": "mob.blaze.breathe",
          "attack": "place.deepslate_bricks",
          "death": "respawn_anchor.deplete",
          "hurt": "place.deepslate",
          "retreat": "hit.deepslate",
          "step": "mob.azton_diamondgeore.step"
        }
      },
      "azton:coalgeore": {
        "volume": 1.0,
        "pitch": [
          0.8,
          1.2
        ],
        "events": {
          "ambient": "mob.blaze.breathe",
          "angry": "mob.blaze.breathe",
          "attack": "place.deepslate_bricks",
          "death": "respawn_anchor.deplete",
          "hurt": "place.deepslate",
          "retreat": "hit.deepslate",
          "step": "mob.azton_diamondgeore.step"
        }
      },
      "azton:coppergeore": {
        "volume": 1.0,
        "pitch": [
          0.8,
          1.2
        ],
        "events": {
          "ambient": "mob.blaze.breathe",
          "angry": "mob.blaze.breathe",
          "attack": "place.deepslate_bricks",
          "death": "respawn_anchor.deplete",
          "hurt": "place.deepslate",
          "retreat": "hit.deepslate",
          "step": "mob.azton_diamondgeore.step"
        }
      },
      "azton:redstonegeore": {
        "volume": 1.0,
        "pitch": [
          0.8,
          1.2
        ],
        "events": {
          "ambient": "mob.blaze.breathe",
          "angry": "mob.blaze.breathe",
          "attack": "place.deepslate_bricks",
          "death": "respawn_anchor.deplete",
          "hurt": "place.deepslate",
          "retreat": "hit.deepslate",
          "step": "mob.azton_diamondgeore.step"
        }
      },
      "azton:emeraldgeore": {
        "volume": 1.0,
        "pitch": [
          0.8,
          1.2
        ],
        "events": {
          "ambient": "mob.blaze.breathe",
          "angry": "mob.blaze.breathe",
          "attack": "place.deepslate_bricks",
          "death": "respawn_anchor.deplete",
          "hurt": "place.deepslate",
          "retreat": "hit.deepslate",
          "step": "mob.azton_diamondgeore.step"
        }
      },
      "azton:lapisgeore": {
        "volume": 1.0,
        "pitch": [
          0.8,
          1.2
        ],
        "events": {
          "ambient": "mob.blaze.breathe",
          "angry": "mob.blaze.breathe",
          "attack": "place.deepslate_bricks",
          "death": "respawn_anchor.deplete",
          "hurt": "place.deepslate",
          "retreat": "hit.deepslate",
          "step": "mob.azton_diamondgeore.step"
        }
      },
      "azton:magmamite": {
        "volume": 1.0,
        "pitch": [
          0.8,
          1.2
        ],
        "events": {
          "ambient": "mob.azton_magmamite.ambient",
          "angry": "mob.azton_magmamite.angry",
          "attack": "mob.azton_magmamite.attack",
          "death": "mob.azton_magmamite.death",
          "hurt": "mob.azton_magmamite.hurt",
          "retreat": "mob.azton_magmamite.retreat",
          "step": "mob.azton_magmamite.step"
        }
      },
      "azton:rots": {
        "volume": 1.0,
        "pitch": [
          0.8,
          1.2
        ],
        "events": {
          "ambient": "mob.husk.ambient",
          "death": "mob.stray.death",
          "death.to.zombie": "mob.villager.death",
          "haggle": "mob.villager.haggle",
          "haggle.no": "mob.villager.no",
          "haggle.yes": "mob.villager.yes",
          "hurt": "mob.skeleton.hurt"
        }
      },
      "azton:wraiths": {
        "volume": 1.0,
        "pitch": [
          0.8,
          1.2
        ],
        "events": {
          "ambient": "mob.horse.skeleton.idle",
          "death": "mob.stray.death",
          "death.to.zombie": "mob.villager.death",
          "haggle": "mob.villager.haggle",
          "haggle.no": "mob.villager.no",
          "haggle.yes": "mob.villager.yes",
          "hurt": "mob.skeleton.hurt"
        }
      },
      "azton:alloyedgeore": {
        "volume": 1.0,
        "pitch": [
          0.8,
          1.2
        ],
        "events": {
          "ambient": "mob.azton_alloyedgeore.ambient",
          "angry": "mob.azton_alloyedgeore.angry",
          "attack": "mob.azton_alloyedgeore.attack",
          "death": "mob.azton_alloyedgeore.death",
          "hurt": "mob.azton_alloyedgeore.hurt",
          "retreat": "mob.azton_alloyedgeore.retreat",
          "step": "mob.azton_alloyedgeore.step"
        }
      },
      "azton:lessercryptors": {
        "volume": 1.0,
        "pitch": [
          0.8,
          1.2
        ],
        "events": {
          "ambient": "mob.azton_lessercryptors.idle",
          "death": "mob.stray.death",
          "death.to.zombie": "mob.villager.death",
          "haggle": "mob.villager.haggle",
          "haggle.no": "mob.villager.no",
          "haggle.yes": "mob.villager.yes",
          "hurt": "mob.skeleton.hurt"
        }
      },
      "azton:altarknight1": {
        "volume": 1.0,
        "pitch": [
          0.8,
          1.2
        ],
        "events": {
          "ambient": "mob.pillager.idle",
          "angry": "mob.vindicator.idle",
          "attack": "mob.irongolem.throw",
          "death": "mob.irongolem.death",
          "hurt": "mob.irongolem.hit",
          "retreat": "mob.irongolem.hit",
          "step": "mob.azton_fallensentinel.step"
        }
      },
      "azton:greatercryptor": {
        "volume": 1.0,
        "pitch": [
          0.8,
          1.2
        ],
        "events": {
          "ambient": "mob.azton_skeletoncryptor.ambient",
          "angry": "mob.azton_skeletoncryptor.angry",
          "attack": "mob.azton_skeletoncryptor.attack",
          "death": "mob.azton_skeletoncryptor.death",
          "hurt": "mob.azton_skeletoncryptor.hurt",
          "retreat": "mob.azton_skeletoncryptor.retreat",
          "step": "mob.azton_skeletoncryptor.step"
        }
      },
      "azton:blacksmith": {
        "volume": 1.0,
        "pitch": [
          0.8,
          1.2
        ],
        "events": {
          "ambient": "sounds/random/smithing_table3",
          "death": "sounds/mob/villager/death",
          "death.to.zombie": "mob.villager.death",
          "haggle": "sounds/mob/villager/haggle3",
          "haggle.no": "mob.villager.no",
          "haggle.yes": "mob.villager.haggle",
          "hurt": "sounds/mob/villager/hit1"
        }
      },
      "azton:tormentdeath": {
        "volume": 1.0,
        "pitch": [
          0.8,
          1.2
        ],
        "events": {
          "ambient": "particle.soul_escape",
          "hurt": "armor.equip_chain",
          "death": "armor.equip_iron",
          "shulker.open": "armor.equip_chain",
          "shulker.close": "armor.equip_chain",
          "shoot": "armor.equip_chain"
        }
      },
      "azton:lightrecruit": {
        "volume": 1.0,
        "pitch": [
          0.8,
          1.2
        ],
        "events": {
          "ambient": "mob.azton_lightrecruit.idle",
          "death": "mob.azton_lightrecruit.death",
          "death.to.zombie": "mob.villager.death",
          "haggle": "mob.azton_lightrecruit.haggle",
          "haggle.no": "mob.villager.no",
          "haggle.yes": "mob.villager.yes",
          "hurt": "mob.azton_lightrecruit.hit"
        }
      },
      "azton:recruit": {
        "volume": 1.0,
        "pitch": [
          0.8,
          1.2
        ],
        "events": {
          "ambient": "mob.azton_lightrecruit.idle",
          "death": "mob.azton_lightrecruit.death",
          "death.to.zombie": "mob.villager.death",
          "haggle": "mob.azton_lightrecruit.haggle",
          "haggle.no": "mob.villager.no",
          "haggle.yes": "mob.villager.yes",
          "hurt": "mob.azton_lightrecruit.hit"
        }
      },
      "azton:heavyrecruit": {
        "volume": 1.0,
        "pitch": [
          0.8,
          1.2
        ],
        "events": {
          "ambient": "mob.azton_lightrecruit.idle",
          "death": "mob.azton_lightrecruit.death",
          "death.to.zombie": "mob.villager.death",
          "haggle": "mob.azton_lightrecruit.haggle",
          "haggle.no": "mob.villager.no",
          "haggle.yes": "mob.villager.yes",
          "hurt": "mob.azton_lightrecruit.hit"
        }
      }
    }
  }
}